Adj Close,Adj Close,Adj Close,Adj Close,Adj Close,Close,Close,Close,Close,Close,High,High,High,High,High,Low,Low,Low,Low,Low,Open,Open,Open,Open,Open,Volume,Volume,Volume,Volume,Volume
BMW.DE,GM,HYMTF,TSLA,VOW3.DE,BMW.DE,GM,HYMTF,TSLA,VOW3.DE,BMW.DE,GM,HYMTF,TSLA,VOW3.DE,BMW.DE,GM,HYMTF,TSLA,VOW3.DE,BMW.DE,GM,HYMTF,TSLA,VOW3.DE,BMW.DE,GM,HYMTF,TSLA,VOW3.DE
84.89049530029297,60.75368881225586,40.849998474121094,399.9266662597656,147.5307159423828,91.33000183105469,61.16999816894531,40.849998474121094,399.9266662597656,180.8000030517578,91.75,61.56999969482422,41.220001220703125,400.3566589355469,182.89999389648438,88.73999786376953,59.7400016784668,40.849998474121094,378.67999267578125,177.39999389648438,88.91000366210938,59.869998931884766,41.099998474121094,382.5833435058594,178.0,983398.0,20980200.0,1700.0,103931400.0,945730.0
87.54884338378906,65.2925796508789,41.25,383.1966552734375,152.57351684570312,94.19000244140625,65.73999786376953,41.25,383.1966552734375,186.97999572753906,94.23999786376953,65.9800033569336,41.25,402.6666564941406,188.4600067138672,91.19000244140625,61.959999084472656,40.5099983215332,374.3500061035156,181.60000610351562,91.88999938964844,61.959999084472656,40.58000183105469,396.51666259765625,181.83999633789062,1422271.0,44691300.0,3000.0,100248300.0,1280483.0
89.45429992675781,62.31300354003906,41.40999984741211,362.7066650390625,155.8538055419922,96.23999786376953,62.7400016784668,41.40999984741211,362.7066650390625,191.0,96.38999938964844,67.20999908447266,42.0,390.11334228515625,191.1199951171875,93.94000244140625,62.599998474121094,40.970001220703125,360.336669921875,187.16000366210938,94.5,65.5199966430664,41.25,382.2166748046875,187.27999877929688,1828361.0,43578700.0,3800.0,80119800.0,997809.0
89.43570709228516,62.44212341308594,41.29999923706055,354.8999938964844,154.30343627929688,96.22000122070312,62.869998931884766,41.29999923706055,354.8999938964844,189.10000610351562,97.31999969482422,63.5,41.5,362.6666564941406,192.24000549316406,94.61000061035156,61.66999816894531,40.709999084472656,340.1666564941406,186.97999572753906,94.69999694824219,63.16999816894531,41.5,359.0,187.3000030517578,1229513.0,20650900.0,8100.0,90336600.0,888814.0
88.85942077636719,61.84620666503906,41.93000030517578,342.32000732421875,153.1936798095703,95.5999984741211,62.27000045776367,41.93000030517578,342.32000732421875,187.74000549316406,96.52999877929688,63.90999984741211,41.93000030517578,360.30999755859375,189.8800048828125,95.0199966430664,61.41999816894531,41.70000076293945,336.6666564941406,186.3000030517578,96.0,63.810001373291016,41.70000076293945,360.1233215332031,189.72000122070312,1193638.0,17136100.0,500.0,84164700.0,775354.0
90.34661102294922,60.65436935424805,40.560001373291016,352.7066650390625,153.20999145507812,97.19999694824219,61.06999969482422,40.560001373291016,352.7066650390625,187.75999450683594,99.04000091552734,62.0,42.0099983215332,353.0333251953125,191.05999755859375,96.43000030517578,60.040000915527344,40.099998474121094,326.6666564941406,186.17999267578125,98.48999786376953,61.52000045776367,42.0099983215332,333.3333435058594,189.0,1896744.0,18980400.0,3300.0,91815000.0,900264.0
91.1087875366211,61.041717529296875,41.599998474121094,354.79998779296875,153.71592712402344,98.0199966430664,61.459999084472656,41.599998474121094,354.79998779296875,188.3800048828125,98.19999694824219,61.560001373291016,43.0,358.6166687011719,189.1999969482422,96.55999755859375,60.150001525878906,41.599998474121094,346.2733459472656,186.1199951171875,97.98999786376953,61.25,42.209999084472656,351.22332763671875,189.0,1238359.0,16463800.0,3600.0,66063300.0,655358.0
90.5789794921875,60.61464309692383,42.4900016784668,368.739990234375,153.66696166992188,97.44999694824219,61.029998779296875,42.4900016784668,368.739990234375,188.32000732421875,98.93000030517578,62.720001220703125,42.709999084472656,371.61334228515625,191.25999450683594,97.12000274658203,59.63999938964844,41.599998474121094,357.5299987792969,187.6199951171875,98.5999984741211,62.470001220703125,42.709999084472656,359.6166687011719,189.89999389648438,954099.0,20215000.0,1300.0,83739000.0,874152.0
92.03828430175781,61.349609375,42.4900016784668,343.85333251953125,155.08677673339844,99.0199966430664,61.77000045776367,42.4900016784668,343.85333251953125,190.05999755859375,99.30000305175781,63.380001068115234,42.4900016784668,371.8666687011719,191.16000366210938,97.26000213623047,61.150001525878906,41.7400016784668,342.17999267578125,186.1999969482422,97.37999725341797,61.45000076293945,41.7400016784668,369.69000244140625,187.8000030517578,1380823.0,19283000.0,3300.0,97209900.0,1094322.0
92.31713104248047,60.684165954589844,42.25,349.8699951171875,157.5673828125,99.31999969482422,61.099998474121094,42.25,349.8699951171875,193.10000610351562,100.41999816894531,61.77000045776367,43.0,350.6666564941406,195.0,98.72000122070312,59.9900016784668,41.939998626708984,337.7933349609375,190.10000610351562,98.83000183105469,61.099998474121094,42.04999923706055,339.9599914550781,190.63999938964844,1257658.0,16180300.0,10700.0,72924300.0,1418704.0
92.03828430175781,,,,157.14306640625,99.0199966430664,,,,192.5800018310547,100.05999755859375,,,,194.94000244140625,98.55000305175781,,,,190.63999938964844,99.87999725341797,,,,194.74000549316406,663785.0,,,,664755.0
91.96392822265625,58.389888763427734,41.099998474121094,343.5033264160156,155.46212768554688,98.94000244140625,58.790000915527344,41.099998474121094,343.5033264160156,190.52000427246094,99.66999816894531,60.349998474121094,41.209999084472656,356.92999267578125,192.86000061035156,97.33999633789062,58.540000915527344,41.0,338.6866760253906,188.3800048828125,98.37000274658203,60.130001068115234,41.209999084472656,342.2033386230469,191.10000610351562,930784.0,18299100.0,2400.0,66743400.0,789729.0
90.96007537841797,55.857242584228516,42.20000076293945,331.8833312988281,156.42498779296875,97.86000061035156,56.2400016784668,42.20000076293945,331.8833312988281,191.6999969482422,99.3499984741211,59.84000015258789,42.2400016784668,351.5566711425781,195.13999938964844,97.54000091552734,56.130001068115234,41.4900016784668,331.6666564941406,188.05999755859375,98.38999938964844,59.310001373291016,41.7599983215332,347.2366638183594,189.0399932861328,1133756.0,20576000.0,1900.0,75442500.0,1035857.0
90.00270080566406,54.2780647277832,42.0,332.0899963378906,155.62533569335938,96.83000183105469,54.650001525878906,42.0,332.0899963378906,190.72000122070312,98.02999877929688,57.33000183105469,42.0,347.2200012207031,192.0399932861328,95.80000305175781,54.41999816894531,41.150001525878906,331.3333435058594,188.82000732421875,96.63999938964844,56.02000045776367,41.150001525878906,336.57666015625,191.6199951171875,1100542.0,21554100.0,1000.0,70488600.0,774560.0
88.8222427368164,52.91738510131836,41.29999923706055,314.6333312988281,153.09576416015625,95.55999755859375,53.279998779296875,41.29999923706055,314.6333312988281,187.6199951171875,95.55999755859375,54.70000076293945,41.959999084472656,334.8500061035156,188.13999938964844,93.97000122070312,52.689998626708984,40.90999984741211,313.5,184.44000244140625,95.19999694824219,54.52000045776367,41.959999084472656,332.11334228515625,188.0,1592557.0,25692800.0,1800.0,103416000.0,1219489.0
85.02992248535156,52.28174591064453,40.27000045776367,310.0,144.03829956054688,91.4800033569336,52.63999938964844,40.27000045776367,310.0,176.52000427246094,96.4000015258789,52.65999984741211,40.27000045776367,311.1700134277344,187.24000549316406,90.80000305175781,49.369998931884766,38.880001068115234,283.8233337402344,175.52000427246094,95.0,51.400001525878906,40.0,301.586669921875,185.5,2185251.0,32931800.0,6400.0,151565700.0,1659950.0
85.58761596679688,51.54677963256836,39.0,306.1333312988281,145.45811462402344,92.08000183105469,51.900001525878906,39.0,306.1333312988281,178.25999450683594,93.19999694824219,52.5099983215332,39.709999084472656,317.086669921875,180.47999572753906,90.94000244140625,50.81999969482422,39.0,301.07000732421875,175.33999633789062,92.6500015258789,51.599998474121094,39.709999084472656,304.73333740234375,178.6999969482422,1307184.0,22164500.0,800.0,86595900.0,1140861.0
87.5302505493164,51.993717193603516,39.290000915527344,312.4700012207031,149.3422088623047,94.16999816894531,52.349998474121094,39.290000915527344,312.4700012207031,183.02000427246094,94.91000366210938,53.9900016784668,40.380001068115234,329.2300109863281,185.0399932861328,92.69000244140625,51.470001220703125,39.20000076293945,302.0,179.3800048828125,92.83999633789062,53.56999969482422,39.20000076293945,317.4766540527344,179.5,1274554.0,23174300.0,1900.0,104867400.0,985770.0
87.37223815917969,51.0998420715332,39.209999084472656,276.3666687011719,151.9860076904297,94.0,51.45000076293945,39.209999084472656,276.3666687011719,186.25999450683594,95.16000366210938,53.349998474121094,39.90999984741211,311.7966613769531,187.89999389648438,92.91000366210938,51.06999969482422,39.0,276.3333435058594,179.5399932861328,93.01000213623047,52.849998474121094,39.90999984741211,311.1199951171875,179.89999389648438,1295354.0,21357400.0,1800.0,147109500.0,1151764.0
85.88504791259766,49.8980827331543,39.25,282.1166687011719,149.81549072265625,92.4000015258789,50.2400016784668,39.25,282.1166687011719,183.60000610351562,94.02999877929688,51.25,39.25,285.8333435058594,186.82000732421875,90.19000244140625,49.2400016784668,38.459999084472656,264.0033264160156,181.13999938964844,94.0,51.25,38.5,277.1866760253906,186.82000732421875,1830172.0,26732600.0,1600.0,134789100.0,988976.0
86.39627075195312,52.37112808227539,39.02000045776367,312.239990234375,149.58702087402344,92.94999694824219,52.72999954223633,39.02000045776367,312.239990234375,183.32000732421875,93.70999908447266,52.75,39.25,312.663330078125,186.16000366210938,92.1500015258789,49.970001220703125,39.02000045776367,287.3500061035156,181.3800048828125,93.37999725341797,50.5,39.25,290.9033203125,185.66000366210938,1305196.0,20255200.0,900.0,104436000.0,880263.0
87.64179229736328,53.7020149230957,40.0,310.4166564941406,151.218994140625,94.29000091552734,54.06999969482422,40.0,310.4166564941406,185.32000732421875,94.38999938964844,54.2400016784668,40.0,314.5666809082031,186.44000244140625,93.0199966430664,52.119998931884766,39.75,301.6666564941406,183.60000610351562,93.20999908447266,52.849998474121094,40.0,311.7366638183594,184.02000427246094,1033421.0,23169600.0,1300.0,73138200.0,907585.0
87.07479858398438,53.13589096069336,40.709999084472656,301.88665771484375,150.46827697753906,93.68000030517578,53.5,40.709999084472656,301.88665771484375,184.39999389648438,94.81999969482422,55.54999923706055,40.709999084472656,310.5,187.77999877929688,93.41000366210938,51.68000030517578,39.08000183105469,296.4700012207031,183.5,94.5,54.91999816894531,39.08000183105469,309.3933410644531,186.02000427246094,890522.0,34371700.0,900.0,66792900.0,771011.0
87.14916229248047,52.7485466003418,40.150001525878906,297.0466613769531,148.29776000976562,93.76000213623047,53.11000061035156,40.150001525878906,297.0466613769531,181.74000549316406,94.66999816894531,54.41999816894531,40.7400016784668,312.3333435058594,184.5399932861328,93.23999786376953,52.54999923706055,39.65999984741211,293.50665283203125,181.63999938964844,93.37000274658203,52.599998474121094,39.65999984741211,294.0,183.22000122070312,1101439.0,23751800.0,3200.0,78855600.0,710672.0
83.33824157714844,50.94093322753906,40.4900016784668,307.7733459472656,143.72821044921875,89.66000366210938,51.290000915527344,40.4900016784668,307.7733459472656,176.13999938964844,94.36000061035156,51.849998474121094,40.4900016784668,312.1666564941406,182.6199951171875,89.05999755859375,50.52000045776367,39.5,293.72332763671875,174.0399932861328,94.36000061035156,51.619998931884766,39.5,299.0733337402344,182.25999450683594,1816267.0,22794900.0,1100.0,73625400.0,1555866.0
83.52413940429688,50.3648796081543,39.130001068115234,302.4466552734375,143.5650177001953,89.86000061035156,50.709999084472656,39.130001068115234,302.4466552734375,175.94000244140625,90.9000015258789,52.0,39.75,315.92333984375,178.33999633789062,89.80999755859375,50.52000045776367,39.130001068115234,300.9033203125,175.94000244140625,90.29000091552734,51.4900016784668,39.5,307.92999267578125,177.0399932861328,1173288.0,18046500.0,1800.0,60994500.0,750166.0
83.57061767578125,49.123382568359375,38.40999984741211,307.3333435058594,143.9893341064453,89.91000366210938,49.459999084472656,38.40999984741211,307.3333435058594,176.4600067138672,91.87000274658203,49.880001068115234,39.310001373291016,308.7633361816406,178.8000030517578,89.41999816894531,47.58000183105469,38.209999084472656,298.26666259765625,174.5800018310547,89.76000213623047,48.7400016784668,38.209999084472656,301.84332275390625,175.9600067138672,1229356.0,38629700.0,3200.0,50729100.0,975318.0
86.74948120117188,50.374813079833984,39.0099983215332,310.6666564941406,152.802001953125,93.33000183105469,50.720001220703125,39.0099983215332,310.6666564941406,187.25999450683594,93.94999694824219,51.68000030517578,39.0099983215332,315.42333984375,189.22000122070312,90.19999694824219,50.15999984741211,38.45000076293945,306.6666564941406,178.24000549316406,90.5999984741211,50.310001373291016,38.45000076293945,311.6666564941406,179.0,1579360.0,24290800.0,300.0,52259400.0,1882706.0
86.22895812988281,49.997398376464844,39.689998626708984,301.51666259765625,152.8183135986328,92.7699966430664,50.34000015258789,39.689998626708984,301.51666259765625,187.27999877929688,93.6500015258789,51.790000915527344,40.61000061035156,314.60333251953125,189.02000427246094,92.44000244140625,49.599998474121094,39.689998626708984,298.8999938964844,185.0800018310547,93.11000061035156,49.72999954223633,40.11000061035156,302.7900085449219,188.13999938964844,1206489.0,17017600.0,6400.0,66126900.0,809440.0
88.58058166503906,48.497676849365234,39.029998779296875,286.6666564941406,153.92807006835938,95.30000305175781,48.83000183105469,39.029998779296875,286.6666564941406,188.63999938964844,95.7300033569336,50.970001220703125,39.5099983215332,305.32000732421875,189.52000427246094,90.97000122070312,48.540000915527344,39.029998779296875,283.5666809082031,183.17999267578125,91.58999633789062,50.63999938964844,39.5099983215332,303.2099914550781,184.1999969482422,2746188.0,20183800.0,1300.0,79645800.0,1090653.0
86.06165313720703,48.07059860229492,39.0,291.9200134277344,149.0811004638672,92.58999633789062,48.400001525878906,39.0,291.9200134277344,182.6999969482422,93.11000061035156,49.189998626708984,39.099998474121094,299.6266784667969,183.74000549316406,90.79000091552734,48.0,38.40999984741211,284.3833312988281,179.75999450683594,92.41999816894531,48.869998931884766,38.54999923706055,287.19000244140625,181.89999389648438,2148590.0,17549800.0,23500.0,67756500.0,1366933.0
88.23666381835938,49.33195495605469,39.650001525878906,307.4766540527344,153.56903076171875,94.93000030517578,49.66999816894531,39.650001525878906,307.4766540527344,188.1999969482422,94.98999786376953,49.90999984741211,39.91999816894531,307.6666564941406,188.97999572753906,91.94000244140625,48.93000030517578,39.0,297.7933349609375,181.02000427246094,92.43000030517578,49.36000061035156,39.0,300.0,182.10000610351562,1474671.0,15238500.0,16200.0,57286200.0,1083117.0
87.41871643066406,50.08678436279297,40.45000076293945,307.7966613769531,151.79017639160156,94.05000305175781,50.43000030517578,40.45000076293945,307.7966613769531,186.02000427246094,96.0199966430664,50.56999969482422,40.45000076293945,308.80999755859375,189.89999389648438,93.33999633789062,49.2599983215332,39.650001525878906,300.4033203125,184.8800048828125,94.91999816894531,49.43000030517578,40.0,304.6833190917969,187.82000732421875,1496583.0,13865500.0,12800.0,51294300.0,769936.0
89.20333862304688,48.48774337768555,38.849998474121094,292.1166687011719,150.14187622070312,95.97000122070312,48.81999969482422,38.849998474121094,292.1166687011719,184.0,97.2300033569336,49.849998474121094,39.95000076293945,306.1666564941406,187.6199951171875,94.56999969482422,48.65999984741211,38.849998474121094,291.3666687011719,183.27999877929688,94.7300033569336,49.810001373291016,38.900001525878906,304.4200134277344,186.3800048828125,1694067.0,13482800.0,11700.0,55178400.0,733963.0
88.6549301147461,48.26923751831055,39.20000076293945,285.6600036621094,146.95953369140625,95.37999725341797,48.599998474121094,39.20000076293945,285.6600036621094,180.10000610351562,97.5999984741211,49.209999084472656,39.20000076293945,295.6233215332031,185.75999450683594,94.94999694824219,47.91999816894531,38.0,279.2033386230469,178.8000030517578,96.36000061035156,48.91999816894531,39.0,295.3333435058594,184.1199951171875,1551295.0,16615900.0,18800.0,68501700.0,1001258.0
85.78280639648438,,,,142.7816619873047,92.29000091552734,,,,174.97999572753906,96.93000030517578,,,,182.89999389648438,91.48999786376953,,,,173.17999267578125,96.61000061035156,,,,181.5,1644574.0,,,,1039852.0
84.5186996459961,46.45169448852539,38.97999954223633,273.84332275390625,153.97702026367188,90.93000030517578,46.77000045776367,38.97999954223633,273.84332275390625,188.6999969482422,92.30999755859375,47.939998626708984,38.97999954223633,285.57666015625,192.8000030517578,89.44000244140625,46.15999984741211,37.5,267.0333251953125,168.10000610351562,89.62999725341797,47.779998779296875,38.20000076293945,278.0433349609375,168.5,2078619.0,19620300.0,3800.0,83288100.0,4284172.0
85.16004943847656,46.06435012817383,37.7599983215332,254.67999267578125,152.65513610839844,91.62000274658203,46.380001068115234,37.7599983215332,254.67999267578125,187.0800018310547,93.81999969482422,48.29999923706055,38.04999923706055,278.4333190917969,193.36000061035156,90.94999694824219,46.2599983215332,37.5,253.52000427246094,186.9600067138672,91.0,47.2599983215332,37.5,276.80999755859375,189.16000366210938,1489901.0,13667700.0,3600.0,95256900.0,1641699.0
78.99751281738281,46.03455352783203,35.5099983215332,266.92333984375,143.69558715820312,84.98999786376953,46.349998474121094,35.5099983215332,266.92333984375,176.10000610351562,88.87000274658203,46.40999984741211,37.0,267.49334716796875,182.72000122070312,84.1500015258789,43.90999984741211,35.5099983215332,233.3333282470703,174.33999633789062,87.25,44.150001525878906,36.5,233.4633331298828,176.0,4257916.0,21003700.0,3400.0,135322200.0,2892957.0
81.81387329101562,47.107200622558594,36.16999816894531,269.9566650390625,151.218994140625,88.0199966430664,47.43000030517578,36.16999816894531,269.9566650390625,185.32000732421875,88.13999938964844,47.47999954223633,37.61000061035156,273.1666564941406,186.05999755859375,84.12999725341797,45.849998474121094,36.0,260.79998779296875,177.52000427246094,86.37999725341797,46.349998474121094,36.08000183105469,269.74334716796875,181.75999450683594,2682262.0,13465100.0,2100.0,76067700.0,2256748.0
80.45681762695312,46.402034759521484,37.279998779296875,290.1433410644531,145.27857971191406,86.55999755859375,46.720001220703125,37.279998779296875,290.1433410644531,178.0399932861328,86.55999755859375,47.119998931884766,37.279998779296875,292.28668212890625,181.5800018310547,83.22000122070312,45.84000015258789,34.70000076293945,271.57000732421875,174.25999450683594,85.04000091552734,46.2400016784668,36.0,271.6700134277344,179.5,2667291.0,18226700.0,3800.0,99006900.0,2270479.0
76.67378234863281,44.21700668334961,36.15999984741211,288.1233215332031,134.2137908935547,82.48999786376953,44.52000045776367,36.15999984741211,288.1233215332031,164.47999572753906,87.5,46.15999984741211,36.88999938964844,296.6266784667969,178.67999267578125,82.06999969482422,44.15999984741211,36.0,284.59332275390625,164.10000610351562,86.16000366210938,46.02000045776367,36.0,289.8933410644531,176.72000122070312,2383041.0,21534200.0,2500.0,74766900.0,2668369.0
74.8798599243164,46.004756927490234,36.58000183105469,293.2966613769531,130.55816650390625,80.55999755859375,46.31999969482422,36.58000183105469,293.2966613769531,160.0,82.06999969482422,46.599998474121094,36.58000183105469,295.49334716796875,166.1999969482422,79.30999755859375,44.560001373291016,35.06999969482422,281.42333984375,156.55999755859375,80.33000183105469,44.68000030517578,35.5,290.7099914550781,162.0,2638366.0,19006400.0,15500.0,74643300.0,2665692.0
72.04491424560547,44.59442138671875,37.58000183105469,279.7633361816406,126.77198028564453,77.51000213623047,44.900001525878906,37.58000183105469,279.7633361816406,155.36000061035156,81.01000213623047,46.7400016784668,38.22999954223633,295.4800109863281,161.22000122070312,76.87999725341797,44.61000061035156,37.58000183105469,277.5333251953125,154.55999755859375,80.5999984741211,46.209999084472656,38.209999084472656,292.92333984375,159.0399932861328,2480550.0,18956300.0,1600.0,61623600.0,2126189.0
67.94585418701172,42.1114387512207,36.0,279.42999267578125,117.91033172607422,73.0999984741211,42.400001525878906,36.0,279.42999267578125,144.5,76.4800033569336,44.15999984741211,36.04999923706055,285.2166748046875,152.22000122070312,72.48999786376953,41.9900016784668,35.0,275.0533447265625,143.16000366210938,75.5999984741211,44.029998779296875,36.0,283.0333251953125,151.0,3819567.0,26534700.0,17100.0,66999600.0,3043218.0
65.54776763916016,39.55892562866211,34.97999954223633,268.1933288574219,111.5782699584961,70.5199966430664,39.83000183105469,34.97999954223633,268.1933288574219,136.74000549316406,72.87000274658203,42.439998626708984,34.97999954223633,288.71331787109375,142.97999572753906,67.58000183105469,39.75,33.790000915527344,268.19000244140625,133.13999938964844,69.66000366210938,42.290000915527344,34.70000076293945,285.4333190917969,139.0,4055547.0,25949900.0,3000.0,72494100.0,3024752.0
66.04039764404297,39.92640686035156,36.18000030517578,274.79998779296875,110.84387969970703,71.05000305175781,40.20000076293945,36.18000030517578,274.79998779296875,135.83999633789062,73.19999694824219,42.310001373291016,36.18000030517578,283.3299865722656,142.0,68.80000305175781,39.959999084472656,33.54999923706055,260.72332763671875,131.3000030517578,69.30000305175781,40.84000015258789,34.869998931884766,265.1766662597656,132.82000732421875,3481540.0,24145100.0,1500.0,80399100.0,2508587.0
70.82727813720703,41.99224853515625,37.20000076293945,286.3233337402344,122.65939331054688,76.19999694824219,42.279998779296875,37.20000076293945,286.3233337402344,150.32000732421875,76.25,42.86000061035156,37.279998779296875,286.85333251953125,152.05999755859375,72.44999694824219,41.79999923706055,35.0,277.336669921875,139.22000122070312,74.01000213623047,42.2599983215332,35.0,279.82666015625,142.60000610351562,3559897.0,21309000.0,14300.0,59184000.0,3037590.0
66.92341613769531,41.56517791748047,35.79999923706055,279.4333190917969,117.32282257080078,72.0,41.849998474121094,35.79999923706055,279.4333190917969,143.77999877929688,76.73999786376953,42.22999954223633,36.68000030517578,284.8166809082031,151.97999572753906,70.22000122070312,40.849998474121094,34.5,270.1199951171875,141.10000610351562,76.26000213623047,41.40999984741211,34.5,283.8166809082031,151.5,4329263.0,17991200.0,2800.0,58648500.0,1812150.0
67.31379699707031,41.22748947143555,35.150001525878906,265.1166687011719,117.2575454711914,72.41999816894531,41.5099983215332,35.150001525878906,265.1166687011719,143.6999969482422,75.45999908447266,42.34000015258789,36.18000030517578,281.26666259765625,149.63999938964844,72.0,41.47999954223633,35.150001525878906,264.5899963378906,142.60000610351562,72.91999816894531,42.08000183105469,35.150001525878906,280.0666809082031,144.0,2873113.0,13617900.0,1700.0,67037100.0,1610685.0
69.18208312988281,40.5521240234375,34.83000183105469,255.4566650390625,122.39826965332031,74.43000030517578,40.83000183105469,34.83000183105469,255.4566650390625,150.0,76.37000274658203,42.43000030517578,35.689998626708984,266.8999938964844,156.1999969482422,73.9800033569336,40.369998931884766,34.83000183105469,252.01333618164062,149.39999389648438,74.63999938964844,41.7400016784668,35.0,260.2033386230469,154.0,2514991.0,18914000.0,1400.0,71152200.0,2175942.0
70.00933074951172,41.84326934814453,34.0,267.2966613769531,123.21426391601562,75.31999969482422,42.130001068115234,34.0,267.2966613769531,151.0,75.77999877929688,42.25,37.810001373291016,268.5233459472656,152.66000366210938,71.69999694824219,40.79999923706055,34.0,252.19000244140625,145.4199981689453,73.62999725341797,40.83000183105469,37.810001373291016,258.42333984375,148.1999969482422,2601157.0,16051000.0,7000.0,66841200.0,1605287.0
72.87216186523438,43.55156326293945,34.5,280.07666015625,127.00044250488281,78.4000015258789,43.849998474121094,34.5,280.07666015625,155.63999938964844,79.27999877929688,44.16999816894531,35.0,280.6666564941406,158.22000122070312,76.18000030517578,42.369998931884766,34.5,267.4200134277344,153.66000366210938,77.54000091552734,43.0,35.0,269.6666564941406,157.66000366210938,3188590.0,17014500.0,1200.0,84028800.0,2479755.0
71.2641372680664,43.362857818603516,35.0,290.5333251953125,126.85357666015625,76.66999816894531,43.65999984741211,35.0,290.5333251953125,155.4600067138672,79.4000015258789,43.83000183105469,35.0,291.6666564941406,158.89999389648438,75.51000213623047,42.599998474121094,34.349998474121094,275.239990234375,152.39999389648438,79.33999633789062,42.91999816894531,35.0,276.9966735839844,158.89999389648438,2207957.0,13909000.0,2300.0,66582900.0,1414860.0
70.54843139648438,44.51496505737305,36.0,301.7966613769531,125.59695434570312,75.9000015258789,44.81999969482422,36.0,301.7966613769531,153.9199981689453,76.66000366210938,45.040000915527344,36.029998779296875,302.6166687011719,156.4600067138672,74.75,43.130001068115234,34.349998474121094,289.1300048828125,149.86000061035156,76.19999694824219,43.22999954223633,35.11000061035156,291.4966735839844,155.3800048828125,4736344.0,19834400.0,6200.0,100414200.0,2557484.0
71.97985076904297,43.313201904296875,34.84000015258789,307.0533447265625,125.46638488769531,77.44000244140625,43.61000061035156,34.84000015258789,307.0533447265625,153.75999450683594,77.97000122070312,44.66999816894531,35.68000030517578,314.2833251953125,155.0800018310547,75.73999786376953,43.220001220703125,34.0,302.36334228515625,151.5,76.23999786376953,44.279998779296875,35.68000030517578,304.99334716796875,153.17999267578125,1686583.0,17903900.0,3800.0,81981600.0,1077364.0
73.48562622070312,44.25673294067383,34.66999816894531,331.32666015625,126.47822570800781,79.05999755859375,44.560001373291016,34.66999816894531,331.32666015625,155.0,79.76000213623047,45.27000045776367,35.689998626708984,332.6199951171875,156.5800018310547,77.3499984741211,44.09000015258789,34.66999816894531,307.25,152.86000061035156,78.3499984741211,44.2400016784668,34.79999923706055,310.0,154.52000427246094,1732509.0,14703000.0,1300.0,105868500.0,1234831.0
72.74203491210938,43.48204040527344,35.5,333.03668212890625,124.56880950927734,78.26000213623047,43.779998779296875,35.5,333.03668212890625,152.66000366210938,80.80000305175781,44.52000045776367,35.5,346.8999938964844,157.4600067138672,77.8499984741211,43.77000045776367,34.0,325.4666748046875,151.94000244140625,80.33999633789062,44.0,34.0,326.64666748046875,156.74000549316406,1942435.0,15142300.0,2800.0,120676200.0,1173710.0
72.93722534179688,44.04816436767578,34.7400016784668,337.97332763671875,124.01392364501953,78.47000122070312,44.349998474121094,34.7400016784668,337.97332763671875,151.97999572753906,79.01000213623047,44.86000061035156,35.58000183105469,341.4966735839844,153.22000122070312,77.31999969482422,43.95000076293945,33.650001525878906,329.6000061035156,150.67999267578125,78.30999755859375,44.04999923706055,33.650001525878906,336.57666015625,152.52000427246094,1529917.0,11106200.0,1500.0,68920800.0,973338.0
72.39812469482422,43.352928161621094,34.880001068115234,336.8800048828125,123.36113739013672,77.88999938964844,43.650001525878906,34.880001068115234,336.8800048828125,151.17999267578125,78.45999908447266,44.310001373291016,35.0,340.6000061035156,152.67999267578125,77.19999694824219,43.400001525878906,34.529998779296875,332.44000244140625,150.0800018310547,78.0,44.279998779296875,34.869998931884766,336.0,152.6199951171875,1514673.0,10351200.0,2200.0,62031600.0,1050901.0
72.72344207763672,43.91904830932617,36.0,363.9466552734375,123.81809997558594,78.23999786376953,44.220001220703125,36.0,363.9466552734375,151.74000549316406,79.94999694824219,44.25,36.029998779296875,365.9599914550781,155.1199951171875,78.04000091552734,43.279998779296875,34.060001373291016,351.20001220703125,151.5,78.0999984741211,43.900001525878906,36.029998779296875,355.0333251953125,151.5800018310547,1109020.0,12175200.0,1700.0,102506100.0,1028867.0
76.80390930175781,45.945159912109375,36.0,366.5233459472656,130.1338348388672,82.62999725341797,46.2599983215332,36.0,366.5233459472656,159.47999572753906,83.47000122070312,46.7400016784668,36.88999938964844,371.5899963378906,162.3800048828125,79.18000030517578,45.2400016784668,34.439998626708984,357.7033386230469,153.4600067138672,79.83000183105469,45.40999984741211,36.029998779296875,369.3299865722656,154.5,1967947.0,16784100.0,37200.0,73614900.0,1882430.0
74.60102081298828,44.9122428894043,36.0,364.663330078125,129.79112243652344,80.26000213623047,45.220001220703125,36.0,364.663330078125,159.05999755859375,82.16000366210938,46.029998779296875,36.0,371.3166809082031,159.97999572753906,80.12000274658203,45.040000915527344,35.25,361.3333435058594,156.47999572753906,81.69999694824219,45.63999938964844,36.0,363.72332763671875,159.4600067138672,1492559.0,12818800.0,68500.0,59865000.0,1192294.0
73.05805969238281,43.442317962646484,35.25,359.20001220703125,128.11019897460938,78.5999984741211,43.7400016784668,35.25,359.20001220703125,157.0,81.70999908447266,44.900001525878906,35.25,367.71331787109375,161.1999969482422,78.41000366210938,43.7400016784668,35.25,358.8800048828125,156.25999450683594,81.30000305175781,44.84000015258789,35.25,364.8566589355469,160.8800048828125,1468453.0,17335000.0,400.0,48992700.0,1041006.0
73.42985534667969,42.667625427246094,34.5,361.5299987792969,128.58348083496094,79.0,42.959999084472656,34.5,361.5299987792969,157.5800018310547,80.12999725341797,44.45000076293945,36.0,364.9166564941406,160.82000732421875,78.33999633789062,42.40999984741211,34.5,355.5466613769531,156.8800048828125,78.51000213623047,44.15999984741211,35.25,360.3833312988281,157.63999938964844,1064970.0,16791500.0,2200.0,54263100.0,982550.0
74.21992492675781,42.88612365722656,35.400001525878906,381.8166809082031,129.54632568359375,79.8499984741211,43.18000030517578,35.400001525878906,381.8166809082031,158.75999450683594,80.16999816894531,43.41999816894531,36.0,383.3033447265625,160.66000366210938,77.97000122070312,42.529998779296875,34.400001525878906,357.510009765625,155.72000122070312,79.5999984741211,43.27000045776367,36.0,363.1266784667969,158.9199981689453,1100335.0,12593000.0,2500.0,82035900.0,1073896.0
72.66767883300781,41.138099670410156,35.790000915527344,363.7533264160156,127.8980484008789,78.18000030517578,41.41999816894531,35.790000915527344,363.7533264160156,156.74000549316406,80.62000274658203,43.15999984741211,35.83000183105469,384.2900085449219,161.5,77.79000091552734,41.31999969482422,35.459999084472656,362.4333190917969,155.77999877929688,79.73999786376953,42.959999084472656,35.5,378.76666259765625,160.3000030517578,1523273.0,19853900.0,1500.0,80075100.0,1149117.0
70.92023468017578,39.23117446899414,35.0,348.586669921875,124.16081237792969,76.30000305175781,39.5,35.0,348.586669921875,152.16000366210938,78.05999755859375,41.33000183105469,35.70000076293945,359.6666564941406,156.5,74.8499984741211,39.47999954223633,34.75,342.5666809082031,150.77999877929688,77.87999725341797,40.790000915527344,35.70000076293945,357.8233337402344,156.0800018310547,1651158.0,29254900.0,3400.0,89348400.0,1425985.0
70.33464813232422,38.45648193359375,34.959999084472656,352.4200134277344,122.2350845336914,75.66999816894531,38.720001220703125,34.959999084472656,352.4200134277344,149.8000030517578,77.91999816894531,39.529998779296875,35.97999954223633,358.86334228515625,153.72000122070312,75.66999816894531,37.599998474121094,34.84000015258789,340.5133361816406,149.6999969482422,76.54000091552734,39.290000915527344,34.84000015258789,350.7966613769531,153.02000427246094,1345977.0,28297600.0,1500.0,79447200.0,1432432.0
71.57087707519531,39.08219528198242,34.91999816894531,341.8299865722656,124.87887573242188,77.0,39.349998474121094,34.91999816894531,341.8299865722656,153.0399932861328,77.7300033569336,40.04999923706055,35.380001068115234,349.4800109863281,154.82000732421875,76.26000213623047,38.16999816894531,34.16999816894531,340.8133239746094,151.44000244140625,77.19999694824219,38.349998474121094,35.380001068115234,347.7366638183594,152.77999877929688,1113844.0,22086800.0,1900.0,55013700.0,931143.0
70.63208770751953,40.05552291870117,35.599998474121094,325.30999755859375,123.76912689208984,75.98999786376953,40.33000183105469,35.599998474121094,325.30999755859375,151.67999267578125,76.93000030517578,41.34000015258789,36.15999984741211,336.15667724609375,152.83999633789062,75.11000061035156,38.689998626708984,34.20000076293945,324.8800048828125,148.3800048828125,76.0999984741211,38.810001373291016,36.15999984741211,326.79998779296875,151.47999572753906,1246230.0,25015300.0,1900.0,59357100.0,832769.0
70.72503662109375,39.767494201660156,34.81999969482422,328.98333740234375,123.29586029052734,76.08999633789062,40.040000915527344,34.81999969482422,328.98333740234375,151.10000610351562,76.97000122070312,40.779998779296875,35.849998474121094,340.39666748046875,152.02000427246094,74.27999877929688,39.63999938964844,34.4900016784668,325.5333251953125,148.0,74.8499984741211,40.61000061035156,34.4900016784668,332.5466613769531,148.8000030517578,1364957.0,17212800.0,4300.0,65976000.0,995714.0
70.8737564086914,39.94627380371094,35.79999923706055,340.7900085449219,123.37745666503906,76.25,40.220001220703125,35.79999923706055,340.7900085449219,151.1999969482422,76.30000305175781,40.45000076293945,35.79999923706055,342.0799865722656,151.8000030517578,75.04000091552734,39.54999923706055,35.040000915527344,324.3666687011719,149.16000366210938,76.0,39.619998931884766,35.040000915527344,327.02667236328125,150.0,1062598.0,10897600.0,1500.0,55121100.0,697927.0
70.86445617675781,39.85688400268555,36.0,328.3333435058594,121.56596374511719,76.23999786376953,40.130001068115234,36.0,328.3333435058594,148.97999572753906,77.16000366210938,40.779998779296875,36.900001525878906,337.57000732421875,154.13999938964844,75.81999969482422,40.09000015258789,35.09000015258789,327.39666748046875,147.3000030517578,76.36000061035156,40.150001525878906,35.849998474121094,333.0966796875,151.67999267578125,1418145.0,13315700.0,8600.0,58422300.0,1611383.0
,40.35348129272461,36.68000030517578,334.7633361816406,,,40.630001068115234,36.68000030517578,334.7633361816406,,,40.93000030517578,36.900001525878906,338.3066711425781,,,39.95000076293945,36.0,324.4700012207031,,,40.130001068115234,36.0,329.6766662597656,,,11798000.0,2100.0,51715200.0,
72.51895141601562,41.79361343383789,36.20000076293945,342.7166748046875,124.84623718261719,78.0199966430664,42.08000183105469,36.20000076293945,342.7166748046875,153.0,78.25,42.189998626708984,36.75,344.9800109863281,154.25999450683594,75.88999938964844,40.810001373291016,36.20000076293945,331.77667236328125,147.89999389648438,76.45999908447266,40.810001373291016,36.75,335.0199890136719,148.5,1477517.0,13852800.0,1000.0,49847700.0,1133467.0
73.61575317382812,41.43606185913086,36.209999084472656,325.73333740234375,126.559814453125,79.19999694824219,41.720001220703125,36.209999084472656,325.73333740234375,155.10000610351562,80.19000244140625,43.2400016784668,36.689998626708984,344.6666564941406,156.82000732421875,78.08999633789062,41.689998626708984,36.209999084472656,325.0833435058594,152.8800048828125,78.54000091552734,42.25,36.54999923706055,343.3333435058594,154.05999755859375,1100786.0,12989800.0,1000.0,70711200.0,824336.0
73.61575317382812,40.43293380737305,36.75,336.260009765625,126.559814453125,79.19999694824219,40.709999084472656,36.75,336.260009765625,155.10000610351562,79.19999694824219,43.0,37.27000045776367,364.0733337402344,155.10000610351562,79.19999694824219,40.560001373291016,36.22999954223633,332.1400146484375,155.10000610351562,79.19999694824219,42.7599983215332,36.689998626708984,358.24334716796875,155.10000610351562,0.0,12544000.0,3700.0,105416400.0,0.0
73.61575317382812,39.56885528564453,36.20000076293945,335.01666259765625,124.47088623046875,79.19999694824219,39.84000015258789,36.20000076293945,335.01666259765625,152.5399932861328,79.19999694824219,40.7400016784668,37.18000030517578,344.95001220703125,156.33999633789062,79.19999694824219,39.779998779296875,36.0,331.3333435058594,152.5399932861328,79.19999694824219,40.459999084472656,36.66999816894531,338.3033447265625,154.72000122070312,0.0,17718400.0,9300.0,69696600.0,973101.0
72.00773620605469,39.54899597167969,36.40999984741211,332.67333984375,121.5986099243164,77.47000122070312,39.81999969482422,36.40999984741211,332.67333984375,149.02000427246094,78.30999755859375,39.9900016784668,36.66999816894531,336.2066650390625,151.16000366210938,76.5,38.66999816894531,35.22999954223633,325.1000061035156,148.33999633789062,76.69999694824219,39.349998474121094,35.22999954223633,326.3233337402344,149.4600067138672,1594771.0,18704400.0,4300.0,68341200.0,1113506.0
70.89234161376953,37.78110885620117,36.84000015258789,292.1400146484375,118.72632598876953,76.2699966430664,38.040000915527344,36.84000015258789,292.1400146484375,145.5,79.01000213623047,39.45000076293945,36.84000015258789,333.3333435058594,151.4600067138672,76.19000244140625,37.88999938964844,36.31999969482422,291.6666564941406,145.0800018310547,78.55999755859375,39.220001220703125,36.31999969482422,331.80999755859375,151.22000122070312,1785578.0,21679500.0,500.0,136133700.0,1212742.0
70.89234161376953,38.396888732910156,37.220001220703125,293.836669921875,118.72632598876953,76.2699966430664,38.65999984741211,37.220001220703125,293.836669921875,145.5,76.2699966430664,39.52000045776367,37.220001220703125,306.0,145.5,76.2699966430664,37.70000076293945,35.52000045776367,292.4533386230469,145.5,76.2699966430664,38.290000915527344,35.52000045776367,299.52667236328125,145.5,0.0,19827700.0,900.0,76956300.0,0.0
72.31446838378906,38.48627853393555,36.849998474121094,292.5033264160156,120.22774505615234,77.80000305175781,38.75,36.849998474121094,292.5033264160156,147.33999633789062,79.08000183105469,39.61000061035156,37.7400016784668,300.0,149.6199951171875,76.69999694824219,37.310001373291016,35.970001220703125,273.8999938964844,146.02000427246094,77.5,39.349998474121094,37.7400016784668,299.99334716796875,147.8000030517578,1185773.0,22795600.0,1200.0,124948500.0,889503.0
72.97441101074219,37.6519889831543,36.06999969482422,290.2533264160156,121.5333251953125,78.51000213623047,37.90999984741211,36.06999969482422,290.2533264160156,148.94000244140625,78.97000122070312,39.41999816894531,37.599998474121094,311.4666748046875,150.3000030517578,77.7699966430664,37.779998779296875,36.06999969482422,290.0,148.02000427246094,78.58000183105469,38.810001373291016,37.349998474121094,300.75,148.5800018310547,1337650.0,16737800.0,1500.0,88133100.0,824127.0
72.1657485961914,38.18832015991211,36.75,300.9800109863281,120.12982940673828,77.63999938964844,38.45000076293945,36.75,300.9800109863281,147.22000122070312,78.44999694824219,38.4900016784668,37.25,302.1199951171875,149.22000122070312,74.36000061035156,37.25,36.36000061035156,282.6766662597656,140.0,77.73999786376953,37.66999816894531,36.36000061035156,286.92333984375,149.0,1840187.0,16119900.0,2200.0,75781500.0,1156386.0
74.34076690673828,39.668174743652344,36.400001525878906,303.0833435058594,122.56146240234375,79.9800033569336,39.939998626708984,36.400001525878906,303.0833435058594,150.1999969482422,79.9800033569336,40.27000045776367,37.29999923706055,308.02667236328125,151.1199951171875,77.87000274658203,38.81999969482422,35.63999938964844,296.1966552734375,147.74000549316406,78.20999908447266,39.31999969482422,37.29999923706055,301.05999755859375,148.63999938964844,1725794.0,19132700.0,2900.0,63709500.0,1140555.0
73.8667221069336,40.88980484008789,36.54999923706055,317.5400085449219,121.19061279296875,79.47000122070312,41.16999816894531,36.54999923706055,317.5400085449219,148.52000427246094,80.69999694824219,41.2400016784668,36.9900016784668,318.5,153.66000366210938,79.47000122070312,39.29999923706055,36.43000030517578,295.09332275390625,147.22000122070312,80.2699966430664,39.599998474121094,36.43000030517578,301.3133239746094,151.52000427246094,1633643.0,15813700.0,39100.0,81643800.0,970928.0
72.52825164794922,39.6781120300293,36.54999923706055,291.09332275390625,120.09717559814453,78.02999877929688,39.95000076293945,36.54999923706055,291.09332275390625,147.17999267578125,83.0,40.75,37.150001525878906,315.20001220703125,153.5,77.7699966430664,39.349998474121094,36.54999923706055,285.8999938964844,146.55999755859375,81.6500015258789,40.31999969482422,37.150001525878906,313.00665283203125,152.52000427246094,1964186.0,15317100.0,1000.0,92519100.0,1066733.0
72.52825164794922,39.31062698364258,36.45000076293945,288.54998779296875,120.09717559814453,78.02999877929688,39.58000183105469,36.45000076293945,288.54998779296875,147.17999267578125,78.02999877929688,40.119998931884766,36.9900016784668,296.0,147.17999267578125,78.02999877929688,38.79999923706055,36.0,281.03668212890625,147.17999267578125,78.02999877929688,39.790000915527344,36.540000915527344,295.6666564941406,147.17999267578125,0.0,14684900.0,11600.0,72903000.0,0.0
72.14716339111328,37.99960708618164,35.9900016784668,262.3699951171875,116.4578857421875,77.62000274658203,38.2599983215332,35.9900016784668,262.3699951171875,142.72000122070312,79.87000274658203,40.220001220703125,36.650001525878906,281.8766784667969,147.67999267578125,77.62000274658203,38.08000183105469,35.72999954223633,260.3833312988281,142.16000366210938,79.19999694824219,38.97999954223633,36.45000076293945,278.8166809082031,145.8800048828125,1868370.0,18508800.0,3300.0,90810300.0,1155025.0
72.695556640625,38.43661880493164,36.13999938964844,266.67999267578125,116.52316284179688,78.20999908447266,38.70000076293945,36.13999938964844,266.67999267578125,142.8000030517578,79.7300033569336,39.4900016784668,36.59000015258789,275.1199951171875,146.1199951171875,78.0999984741211,37.52000045776367,35.7599983215332,258.0833435058594,142.6199951171875,78.98999786376953,39.38999938964844,36.2400016784668,273.10333251953125,145.17999267578125,1990542.0,20206400.0,4200.0,84401700.0,1112745.0
76.46000671386719,37.01634979248047,36.0,244.6666717529297,119.70550537109375,82.26000213623047,37.27000045776367,36.0,244.6666717529297,146.6999969482422,82.7300033569336,39.439998626708984,36.86000061035156,269.92333984375,148.89999389648438,78.5999984741211,37.16999816894531,36.0,242.39999389648438,144.16000366210938,79.0199966430664,38.779998779296875,36.86000061035156,265.0,144.55999755859375,3703499.0,18050800.0,10300.0,97224600.0,1242291.0
75.77999877929688,35.317989349365234,35.599998474121094,242.6666717529297,119.49336242675781,75.77999877929688,35.560001373291016,35.599998474121094,242.6666717529297,146.44000244140625,76.12000274658203,36.20000076293945,36.0,253.22000122070312,148.0,74.26000213623047,34.58000183105469,35.25,226.6666717529297,143.6199951171875,75.5999984741211,35.459999084472656,35.5,233.6666717529297,144.10000610351562,2884199.0,43172200.0,2500.0,140313000.0,1571245.0
75.77999877929688,37.949947357177734,36.290000915527344,256.5299987792969,125.99803924560547,75.77999877929688,38.209999084472656,36.290000915527344,256.5299987792969,146.44000244140625,75.77999877929688,38.4900016784668,36.29999923706055,262.45001220703125,146.44000244140625,75.77999877929688,36.06999969482422,36.290000915527344,250.52333068847656,146.44000244140625,75.77999877929688,36.18000030517578,36.29999923706055,257.82666015625,146.44000244140625,0.0,22997300.0,1400.0,92150700.0,0.0
77.66000366210938,36.847503662109375,36.0,241.4566650390625,124.53534698486328,77.66000366210938,37.099998474121094,36.0,241.4566650390625,144.74000549316406,78.33999633789062,38.040000915527344,36.400001525878906,256.586669921875,145.52000427246094,76.63999938964844,36.7599983215332,35.939998626708984,239.69667053222656,142.75999450683594,77.43000030517578,38.0099983215332,35.939998626708984,255.72000122070312,143.60000610351562,1135401.0,16512200.0,900.0,86098500.0,702490.0
78.62000274658203,37.8406982421875,35.25,253.8699951171875,125.55062103271484,78.62000274658203,38.099998474121094,35.25,253.8699951171875,145.9199981689453,79.5,38.54999923706055,36.400001525878906,254.82666015625,147.8000030517578,78.05999755859375,37.349998474121094,35.25,242.9499969482422,145.0399932861328,78.6500015258789,38.029998779296875,36.150001525878906,249.1199951171875,146.17999267578125,1445814.0,15505700.0,15500.0,80236200.0,760147.0
78.0199966430664,35.586151123046875,35.29999923706055,236.60333251953125,125.60224151611328,78.0199966430664,35.83000183105469,35.29999923706055,236.60333251953125,145.97999572753906,79.61000061035156,37.77000045776367,36.400001525878906,253.5,147.75999450683594,78.0199966430664,35.59000015258789,35.25,233.60333251953125,145.5,78.97000122070312,37.5,36.400001525878906,248.17333984375,146.82000732421875,1265657.0,19255700.0,1200.0,87811800.0,724823.0
77.83999633789062,35.87417221069336,35.290000915527344,236.47332763671875,125.03438568115234,77.83999633789062,36.119998931884766,35.290000915527344,236.47332763671875,145.32000732421875,77.83999633789062,36.650001525878906,35.290000915527344,244.6666717529297,145.32000732421875,75.58000183105469,35.150001525878906,35.290000915527344,231.3699951171875,141.63999938964844,76.5999984741211,35.380001068115234,35.290000915527344,235.6666717529297,144.02000427246094,1689928.0,15545100.0,400.0,90296700.0,879851.0
77.44999694824219,35.15907669067383,36.25,221.3000030517578,125.3441162109375,77.44999694824219,35.400001525878906,36.25,221.3000030517578,145.67999267578125,79.18000030517578,37.08000183105469,36.400001525878906,240.52667236328125,149.9199981689453,77.23999786376953,34.38999938964844,35.45000076293945,211.0,145.02000427246094,78.61000061035156,37.0099983215332,36.38999938964844,237.99667358398438,146.47999572753906,1558143.0,24408000.0,2900.0,144973200.0,1108414.0
78.23999786376953,35.7549934387207,37.0,224.96665954589844,127.1854019165039,78.23999786376953,36.0,37.0,224.96665954589844,147.82000732421875,78.83000183105469,36.61000061035156,37.63999938964844,226.65333557128906,149.4600067138672,77.05999755859375,35.09000015258789,36.400001525878906,212.68666076660156,145.52000427246094,78.6500015258789,35.93000030517578,36.400001525878906,218.33999633789062,148.0,1008391.0,19959800.0,4300.0,88903500.0,765952.0
77.79000091552734,34.970367431640625,37.38999938964844,209.3866729736328,125.13762664794922,77.79000091552734,35.209999084472656,37.38999938964844,209.3866729736328,145.44000244140625,78.54000091552734,35.56999969482422,37.63999938964844,217.97332763671875,148.9199981689453,77.29000091552734,34.310001373291016,35.33000183105469,206.85667419433594,144.67999267578125,77.33999633789062,35.529998779296875,35.619998931884766,217.8433380126953,146.5,1028206.0,16717000.0,8900.0,89092500.0,810939.0
77.79000091552734,35.735130310058594,36.34000015258789,219.60000610351562,125.13762664794922,77.79000091552734,35.97999954223633,36.34000015258789,219.60000610351562,145.44000244140625,77.79000091552734,36.349998474121094,36.97999954223633,223.10667419433594,145.44000244140625,77.79000091552734,34.900001525878906,36.33000183105469,207.6699981689453,145.44000244140625,77.79000091552734,34.900001525878906,36.97999954223633,207.9499969482422,145.44000244140625,0.0,15409500.0,800.0,92139300.0,0.0
80.25,37.16532516479492,37.5099983215332,235.91000366210938,130.2140350341797,80.25,37.41999816894531,37.5099983215332,235.91000366210938,151.33999633789062,80.43000030517578,37.7599983215332,37.63999938964844,239.55667114257812,151.4600067138672,78.56999969482422,36.380001068115234,35.7400016784668,217.8866729736328,146.05999755859375,79.19000244140625,36.380001068115234,37.63999938964844,220.47332763671875,148.3000030517578,1068788.0,14568400.0,5500.0,106003200.0,884473.0
80.25,38.307498931884766,37.29999923706055,253.2100067138672,130.2140350341797,80.25,38.56999969482422,37.29999923706055,253.2100067138672,151.33999633789062,80.25,38.59000015258789,37.5,253.26666259765625,151.33999633789062,80.25,37.36000061035156,35.77000045776367,240.17666625976562,151.33999633789062,80.25,37.79999923706055,37.5,241.0833282470703,151.33999633789062,0.0,15684100.0,1800.0,89295000.0,0.0
80.25,,,,130.2140350341797,80.25,,,,151.33999633789062,80.25,,,,151.33999633789062,80.25,,,,151.33999633789062,80.25,,,,151.33999633789062,0.0,,,,0.0
80.62999725341797,38.41675567626953,36.4900016784668,252.75332641601562,133.08778381347656,80.62999725341797,38.68000030517578,36.4900016784668,252.75332641601562,154.67999267578125,81.63999938964844,38.95000076293945,37.5,259.6000061035156,155.8800048828125,80.16999816894531,37.959999084472656,36.47999954223633,244.7433319091797,152.6199951171875,81.31999969482422,38.61000061035156,37.5,257.9466552734375,154.5,1807592.0,19857900.0,1500.0,101914500.0,1193371.0
82.33000183105469,38.009544372558594,36.29999923706055,246.7899932861328,135.7722625732422,82.33000183105469,38.27000045776367,36.29999923706055,246.7899932861328,157.8000030517578,83.18000030517578,39.63999938964844,37.63999938964844,257.32666015625,160.74000549316406,81.25,37.900001525878906,36.29999923706055,243.63999938964844,155.66000366210938,81.52999877929688,39.0099983215332,37.63999938964844,251.72000122070312,155.8800048828125,1608890.0,12190800.0,1700.0,77247900.0,1178089.0
82.33000183105469,38.6054573059082,38.349998474121094,258.3333435058594,135.7722625732422,82.33000183105469,38.869998931884766,38.349998474121094,258.3333435058594,157.8000030517578,82.33000183105469,39.25,38.349998474121094,264.2099914550781,157.8000030517578,82.33000183105469,38.36000061035156,37.040000915527344,242.06666564941406,157.8000030517578,82.33000183105469,38.400001525878906,37.040000915527344,244.1566619873047,157.8000030517578,0.0,10735500.0,700.0,93473100.0,0.0
82.33000183105469,37.35403823852539,37.5,234.51666259765625,134.80859375,82.33000183105469,37.61000061035156,37.5,234.51666259765625,156.67999267578125,82.33000183105469,38.290000915527344,38.349998474121094,247.79666137695312,160.86000061035156,82.33000183105469,37.47999954223633,37.0099983215332,233.4166717529297,156.67999267578125,82.33000183105469,38.09000015258789,38.349998474121094,243.22666931152344,160.17999267578125,0.0,11670500.0,2300.0,112393800.0,576842.0
83.58000183105469,37.572540283203125,36.54999923706055,238.27999877929688,136.46058654785156,83.58000183105469,37.83000183105469,36.54999923706055,238.27999877929688,158.60000610351562,84.05000305175781,38.43000030517578,37.4900016784668,244.86666870117188,159.8800048828125,82.66000366210938,37.5099983215332,36.54999923706055,234.35000610351562,157.16000366210938,83.61000061035156,38.349998474121094,37.4900016784668,244.35333251953125,158.44000244140625,731088.0,11029000.0,400.0,84204600.0,478241.0
82.58999633789062,38.10886001586914,36.5,238.8866729736328,135.6518096923828,82.58999633789062,38.369998931884766,36.5,238.8866729736328,157.66000366210938,83.36000061035156,38.459999084472656,36.5,239.99667358398438,157.94000244140625,81.83999633789062,36.81999969482422,35.33000183105469,230.0933380126953,156.13999938964844,82.91000366210938,37.220001220703125,35.72999954223633,234.0,156.83999633789062,944549.0,14517600.0,4700.0,72808500.0,537813.0
83.5,37.43349075317383,36.5,241.86666870117188,137.49307250976562,83.5,37.689998626708984,36.5,241.86666870117188,159.8000030517578,84.0,38.77000045776367,36.63999938964844,249.9633331298828,159.8000030517578,82.62000274658203,37.630001068115234,35.849998474121094,239.17666625976562,157.0,82.68000030517578,38.34000015258789,35.849998474121094,240.086669921875,158.6999969482422,1226472.0,10210300.0,1000.0,76210500.0,603921.0
82.66000366210938,36.400569915771484,36.40999984741211,239.7066650390625,135.25601196289062,82.66000366210938,36.650001525878906,36.40999984741211,239.7066650390625,157.1999969482422,83.45999908447266,37.68000030517578,36.40999984741211,255.54666137695312,159.55999755859375,81.80000305175781,36.630001068115234,35.91999816894531,239.32666015625,155.60000610351562,83.41000366210938,37.47999954223633,35.91999816894531,249.33999633789062,158.1199951171875,1141726.0,9306500.0,1500.0,96491400.0,700570.0
80.54000091552734,34.771728515625,35.5,232.22999572753906,131.02281188964844,80.54000091552734,35.0099983215332,35.5,232.22999572753906,152.27999877929688,82.26000213623047,36.369998931884766,36.31999969482422,239.5,156.6999969482422,80.19000244140625,35.0,34.56999969482422,227.913330078125,151.33999633789062,81.95999908447266,35.72999954223633,35.33000183105469,235.1566619873047,156.3000030517578,1775652.0,15875500.0,2300.0,97536600.0,886515.0
77.97000122070312,32.060306549072266,33.43000030517578,215.73666381835938,124.9139175415039,77.97000122070312,32.279998779296875,33.43000030517578,215.73666381835938,145.17999267578125,79.61000061035156,34.08000183105469,34.56999969482422,226.63333129882812,149.33999633789062,77.36000061035156,32.150001525878906,33.279998779296875,214.68333435058594,144.0,78.77999877929688,33.86000061035156,34.56999969482422,223.1666717529297,148.32000732421875,1978341.0,23202000.0,4000.0,102767400.0,1318580.0
77.61000061035156,32.97404861450195,33.2400016784668,220.88999938964844,124.03630828857422,77.61000061035156,33.20000076293945,33.2400016784668,220.88999938964844,144.16000366210938,78.80000305175781,33.59000015258789,33.33000183105469,226.3300018310547,146.8800048828125,76.91999816894531,32.470001220703125,33.2400016784668,211.73666381835938,142.72000122070312,78.80000305175781,32.66999816894531,33.29999923706055,218.2866668701172,146.83999633789062,1265598.0,17891000.0,1300.0,97988700.0,831584.0
79.54000091552734,33.94738006591797,33.400001525878906,233.0,126.53148651123047,79.54000091552734,34.18000030517578,33.400001525878906,233.0,147.05999755859375,79.88999938964844,34.599998474121094,33.560001373291016,235.663330078125,148.0800018310547,78.51000213623047,33.349998474121094,33.2400016784668,218.14999389648438,145.60000610351562,78.87999725341797,33.36000061035156,33.2400016784668,220.9166717529297,146.3000030517578,1659645.0,19116000.0,1300.0,119131800.0,864342.0
77.1500015258789,31.20616340637207,32.900001525878906,213.10000610351562,122.86615753173828,77.1500015258789,31.420000076293945,32.900001525878906,213.10000610351562,142.8000030517578,79.45999908447266,32.849998474121094,33.2400016784668,225.1666717529297,146.83999633789062,76.54000091552734,30.920000076293945,32.900001525878906,208.69332885742188,142.22000122070312,79.44999694824219,32.849998474121094,33.2400016784668,222.73666381835938,146.8000030517578,1558157.0,22783200.0,2400.0,107390700.0,842607.0
77.5999984741211,31.66303062438965,32.84000015258789,216.75999450683594,121.88529205322266,77.5999984741211,31.8799991607666,32.84000015258789,216.75999450683594,141.66000366210938,78.16999816894531,32.38999938964844,32.880001068115234,220.97000122070312,144.0399932861328,76.3499984741211,30.649999618530273,32.75,213.19667053222656,140.8000030517578,77.66999816894531,31.450000762939453,32.880001068115234,213.43333435058594,143.47999572753906,3402960.0,23649700.0,700.0,92641800.0,2127352.0
78.72000122070312,,,,123.7265625,78.72000122070312,,,,143.8000030517578,78.80000305175781,,,,144.72000122070312,77.20999908447266,,,,141.3000030517578,78.0,,,,142.10000610351562,822033.0,,,,598309.0
79.66000366210938,32.4178581237793,32.77000045776367,237.0366668701172,126.0324478149414,79.66000366210938,32.63999938964844,32.77000045776367,237.0366668701172,146.47999572753906,80.52999877929688,33.099998474121094,33.900001525878906,243.57666015625,147.1999969482422,78.91999816894531,31.889999389648438,32.77000045776367,224.3333282470703,143.60000610351562,79.12999725341797,32.83000183105469,33.029998779296875,224.60333251953125,144.1999969482422,969834.0,16627600.0,3000.0,122793000.0,639999.0
78.16000366210938,32.606571197509766,33.130001068115234,236.086669921875,124.2427978515625,78.16000366210938,32.83000183105469,33.130001068115234,236.086669921875,144.39999389648438,78.83999633789062,33.5099983215332,33.189998626708984,246.8333282470703,145.4600067138672,77.01000213623047,32.029998779296875,33.130001068115234,233.82666015625,141.32000732421875,78.12000274658203,32.189998626708984,33.130001068115234,234.50332641601562,144.10000610351562,1380068.0,14974100.0,1900.0,101107500.0,955349.0
74.9000015258789,32.765480041503906,32.220001220703125,235.07000732421875,119.64823150634766,74.9000015258789,32.9900016784668,32.220001220703125,235.07000732421875,139.05999755859375,78.44999694824219,33.349998474121094,32.93000030517578,239.31666564941406,144.67999267578125,74.9000015258789,32.22999954223633,32.0,228.6366729736328,138.82000732421875,78.05000305175781,32.91999816894531,32.93000030517578,237.9066619873047,143.86000061035156,1828040.0,14410100.0,2900.0,104202600.0,1082669.0
74.94000244140625,34.58302307128906,32.20000076293945,245.7066650390625,119.75147247314453,74.94000244140625,34.81999969482422,32.20000076293945,245.7066650390625,139.17999267578125,75.33000183105469,35.0,33.31999969482422,246.06666564941406,140.39999389648438,72.56999969482422,33.060001373291016,32.20000076293945,236.086669921875,135.82000732421875,75.2699966430664,33.11000061035156,33.31999969482422,237.47000122070312,140.0,1725586.0,18401600.0,600.0,95770800.0,1384827.0
75.7300033569336,34.394317626953125,34.41999816894531,244.9199981689453,119.49336242675781,75.7300033569336,34.630001068115234,34.41999816894531,244.9199981689453,138.8800048828125,77.29000091552734,35.31999969482422,34.459999084472656,252.07000732421875,141.9600067138672,75.20999908447266,34.34000015258789,34.0,242.56666564941406,138.5,75.61000061035156,34.9900016784668,34.459999084472656,249.36666870117188,140.17999267578125,1156996.0,10443100.0,3100.0,89178300.0,913070.0
76.4800033569336,33.758670806884766,35.84000015258789,232.663330078125,121.16255187988281,76.4800033569336,33.9900016784668,35.84000015258789,232.663330078125,140.82000732421875,77.73999786376953,36.130001068115234,35.84000015258789,249.97000122070312,142.4600067138672,76.33999633789062,33.95000076293945,34.459999084472656,232.3433380126953,139.10000610351562,76.62999725341797,35.189998626708984,34.459999084472656,244.48333740234375,140.5,1016528.0,15197100.0,2800.0,90391200.0,865477.0
74.5199966430664,33.22235107421875,33.5,228.49000549316406,115.69036102294922,74.5199966430664,33.45000076293945,33.5,228.49000549316406,134.4600067138672,75.62999725341797,33.869998931884766,34.7400016784668,231.17333984375,138.5800018310547,73.93000030517578,32.65999984741211,33.06999969482422,222.27333068847656,134.44000244140625,75.0,33.79999923706055,34.709999084472656,230.5,138.3000030517578,1436429.0,11426700.0,5100.0,82897200.0,1406189.0
73.45999908447266,31.543848037719727,33.540000915527344,224.47332763671875,109.63308715820312,73.45999908447266,31.760000228881836,33.540000915527344,224.47332763671875,127.41999816894531,73.77999877929688,32.7400016784668,35.0,229.4566650390625,133.0800018310547,70.56999969482422,31.40999984741211,33.5,218.8633270263672,124.62000274658203,73.22000122070312,32.59000015258789,35.0,224.50999450683594,133.0,2801023.0,20144800.0,1000.0,94600500.0,2514846.0
73.76000213623047,31.97092056274414,34.45000076293945,227.26333618164062,109.6847152709961,73.76000213623047,32.189998626708984,34.45000076293945,227.26333618164062,127.4800033569336,74.05000305175781,32.880001068115234,35.400001525878906,230.22999572753906,129.1999969482422,72.1500015258789,31.260000228881836,34.0,222.1199951171875,124.94000244140625,72.86000061035156,31.280000686645508,34.0,227.0,126.0999984741211,1375303.0,21175000.0,3400.0,74460300.0,1052751.0
72.79000091552734,,,,109.27172088623047,72.79000091552734,,,,127.0,74.56999969482422,,,,129.32000732421875,72.27999877929688,,,,125.95999908447266,74.47000122070312,,,,129.02000427246094,899823.0,,,,629835.0
71.5,32.14970016479492,33.84000015258789,233.06666564941406,103.93719482421875,71.5,32.369998931884766,33.84000015258789,233.06666564941406,120.80000305175781,73.54000091552734,32.43000030517578,34.150001525878906,233.14666748046875,128.4600067138672,71.22000122070312,30.329999923706055,33.0,216.1666717529297,120.55999755859375,73.30999755859375,31.110000610351562,33.150001525878906,223.0,127.9800033569336,2140020.0,19646200.0,1700.0,84581100.0,1552480.0
71.37000274658203,31.05718421936035,33.150001525878906,231.73333740234375,103.79953002929688,71.37000274658203,31.270000457763672,33.150001525878906,231.73333740234375,120.63999938964844,72.9000015258789,32.4900016784668,33.97999954223633,234.56333923339844,124.16000366210938,71.30999755859375,30.940000534057617,32.75,227.18666076660156,120.63999938964844,72.25,32.04999923706055,33.0,230.77999877929688,122.73999786376953,1429700.0,17101100.0,3800.0,71853600.0,1017681.0
74.77999877929688,32.437721252441406,33.95000076293945,244.5433349609375,109.2373046875,74.77999877929688,32.65999984741211,33.95000076293945,244.5433349609375,126.95999908447266,75.37000274658203,32.849998474121094,34.0,245.3633270263672,127.66000366210938,72.41999816894531,31.950000762939453,33.150001525878906,232.2100067138672,122.33999633789062,72.55000305175781,32.0,33.150001525878906,233.9199981689453,122.4800033569336,1872773.0,14022900.0,2800.0,81930600.0,1455281.0
76.04000091552734,32.09010314941406,34.25,250.76333618164062,115.69036102294922,76.04000091552734,32.310001373291016,34.25,250.76333618164062,134.4600067138672,76.69000244140625,33.130001068115234,34.25,254.97999572753906,134.8000030517578,73.5999984741211,32.25,34.25,241.16000366210938,126.0999984741211,74.1500015258789,32.689998626708984,34.25,242.3333282470703,126.87999725341797,1784342.0,11765200.0,400.0,101854200.0,1834953.0
73.79000091552734,30.6599063873291,30.100000381469727,234.3433380126953,112.09385681152344,73.79000091552734,30.8700008392334,30.100000381469727,234.3433380126953,130.27999877929688,75.29000091552734,32.20000076293945,34.0,253.06333923339844,132.8000030517578,73.61000061035156,30.790000915527344,30.100000381469727,233.6266632080078,129.25999450683594,74.1500015258789,31.90999984741211,34.0,252.10333251953125,130.17999267578125,1212743.0,17121600.0,3500.0,99241200.0,901885.0
73.79000091552734,31.315412521362305,34.060001373291016,233.07000732421875,112.09385681152344,73.79000091552734,31.530000686645508,34.060001373291016,233.07000732421875,130.27999877929688,73.79000091552734,32.060001373291016,34.34000015258789,239.77333068847656,130.27999877929688,73.79000091552734,30.799999237060547,33.040000915527344,228.3699951171875,130.27999877929688,73.79000091552734,30.920000076293945,34.34000015258789,236.84666442871094,130.27999877929688,0.0,19773400.0,1600.0,87930900.0,0.0
72.45999908447266,31.504119873046875,34.75,237.0399932861328,110.4246597290039,72.45999908447266,31.719999313354492,34.75,237.0399932861328,128.33999633789062,73.72000122070312,31.850000381469727,36.0,242.05999755859375,130.10000610351562,72.01000213623047,30.360000610351562,33.529998779296875,225.03334045410156,126.68000030517578,73.72000122070312,30.850000381469727,34.099998474121094,225.5,129.5800018310547,1425644.0,16196700.0,34700.0,97954500.0,821090.0
72.22000122070312,31.37500762939453,35.060001373291016,238.31333923339844,108.66943359375,72.22000122070312,31.59000015258789,35.060001373291016,238.31333923339844,126.30000305175781,74.12999725341797,31.649999618530273,35.060001373291016,238.65333557128906,130.4600067138672,71.3499984741211,30.670000076293945,34.5,229.3333282470703,125.0199966430664,72.98999786376953,31.149999618530273,34.75,234.89666748046875,127.81999969482422,1556778.0,14450400.0,5000.0,78557400.0,904417.0
75.12000274658203,32.64628982543945,35.41999816894531,240.06666564941406,113.78025817871094,75.12000274658203,32.869998931884766,35.41999816894531,240.06666564941406,132.24000549316406,75.12000274658203,32.91999816894531,35.52000045776367,243.6233367919922,133.13999938964844,72.05000305175781,31.709999084472656,34.5,236.88999938964844,126.0999984741211,72.52999877929688,32.25,35.52000045776367,240.0,127.41999816894531,1766983.0,12982900.0,1500.0,69683100.0,1425117.0
76.0,32.39799499511719,36.65999984741211,240.54666137695312,116.98097229003906,76.0,32.619998931884766,36.65999984741211,240.54666137695312,135.9600067138672,76.54000091552734,33.59000015258789,36.95000076293945,250.51666259765625,138.97999572753906,74.87000274658203,32.47999954223633,35.0,239.60333251953125,133.6999969482422,75.30000305175781,33.29999923706055,35.0,244.93666076660156,133.74000549316406,966822.0,12679300.0,14300.0,82537500.0,946695.0
78.12999725341797,34.1658821105957,36.61000061035156,245.52999877929688,121.5067138671875,78.12999725341797,34.400001525878906,36.61000061035156,245.52999877929688,141.22000122070312,79.37999725341797,34.630001068115234,36.61000061035156,247.13999938964844,143.1199951171875,75.05999755859375,33.279998779296875,35.29999923706055,236.97666931152344,134.4600067138672,75.44999694824219,33.349998474121094,36.61000061035156,245.0,134.6999969482422,1382168.0,13186300.0,4900.0,80890200.0,1164283.0
77.52999877929688,34.52342987060547,35.900001525878906,247.5,120.13005065917969,77.52999877929688,34.7599983215332,35.900001525878906,247.5,139.6199951171875,78.5999984741211,35.02000045776367,37.869998931884766,250.663330078125,142.94000244140625,76.04000091552734,34.04999923706055,35.41999816894531,243.48333740234375,135.5399932861328,78.12999725341797,34.18000030517578,37.869998931884766,246.78334045410156,142.27999877929688,1193454.0,10110600.0,2100.0,88864200.0,1211232.0
76.88999938964844,34.89091110229492,35.400001525878906,271.7066650390625,116.91213989257812,76.88999938964844,35.130001068115234,35.400001525878906,271.7066650390625,135.8800048828125,78.30000305175781,35.130001068115234,37.81999969482422,273.26666259765625,141.1199951171875,75.93000030517578,34.36000061035156,35.400001525878906,254.86666870117188,134.6999969482422,77.20999908447266,34.7599983215332,37.81999969482422,255.10667419433594,139.9199981689453,1072416.0,10857400.0,2100.0,142032300.0,1119780.0
77.0999984741211,34.43404006958008,35.400001525878906,272.24334716796875,115.56990814208984,77.0999984741211,34.66999816894531,35.400001525878906,272.24334716796875,134.32000732421875,77.58000183105469,35.20000076293945,35.400001525878906,280.78668212890625,135.8000030517578,76.29000091552734,34.290000915527344,35.400001525878906,270.71331787109375,133.9199981689453,76.70999908447266,35.16999816894531,35.400001525878906,276.2200012207031,135.5,939952.0,13616700.0,300.0,103472700.0,737584.0
77.97000122070312,34.285064697265625,36.31999969482422,268.4333190917969,114.1244125366211,77.97000122070312,34.52000045776367,36.31999969482422,268.4333190917969,132.63999938964844,78.58000183105469,35.04999923706055,36.31999969482422,274.14666748046875,133.3800048828125,76.5,34.130001068115234,35.970001220703125,267.3999938964844,128.10000610351562,76.98999786376953,34.86000061035156,35.970001220703125,272.2166748046875,132.5,1002253.0,14782700.0,1800.0,64073400.0,1680360.0
76.08000183105469,33.113094329833984,36.9900016784668,258.8599853515625,112.21430969238281,76.08000183105469,33.34000015258789,36.9900016784668,258.8599853515625,130.4199981689453,77.69000244140625,34.08000183105469,37.4900016784668,267.30999755859375,132.02000427246094,75.44000244140625,33.040000915527344,35.88999938964844,256.2633361816406,129.16000366210938,77.61000061035156,34.029998779296875,37.4900016784668,266.5133361816406,131.89999389648438,1270931.0,14533000.0,2300.0,66820800.0,870635.0
76.58000183105469,34.443973541259766,36.369998931884766,274.82000732421875,112.54126739501953,76.58000183105469,34.68000030517578,36.369998931884766,274.82000732421875,130.8000030517578,76.9800033569336,34.79999923706055,37.04999923706055,275.9266662597656,132.5,76.05999755859375,33.630001068115234,36.150001525878906,261.7900085449219,129.75999450683594,76.5,34.02000045776367,36.150001525878906,263.80999755859375,131.05999755859375,825396.0,12292800.0,1600.0,88110000.0,931454.0
78.43000030517578,35.496761322021484,36.369998931884766,280.8999938964844,116.67122650146484,78.43000030517578,35.7400016784668,36.369998931884766,280.8999938964844,135.60000610351562,78.43000030517578,35.75,36.369998931884766,283.29998779296875,136.36000061035156,77.20999908447266,34.599998474121094,36.189998626708984,272.79998779296875,132.5,77.22000122070312,35.0099983215332,36.33000183105469,280.0666809082031,133.0,1131025.0,11802100.0,800.0,84723000.0,985513.0
79.4800033569336,36.013221740722656,37.540000915527344,297.1499938964844,118.13391876220703,79.4800033569336,36.2599983215332,37.540000915527344,297.1499938964844,137.3000030517578,79.80999755859375,36.439998626708984,37.58000183105469,298.32000732421875,139.0,78.45999908447266,35.38999938964844,36.77000045776367,279.1000061035156,134.72000122070312,78.88999938964844,35.75,37.58000183105469,280.70001220703125,137.39999389648438,1183673.0,14375900.0,1800.0,95313000.0,1079154.0
79.88999938964844,36.519752502441406,37.58000183105469,297.27667236328125,119.26964569091797,79.88999938964844,36.77000045776367,37.58000183105469,297.27667236328125,138.6199951171875,80.76000213623047,36.97999954223633,37.58000183105469,311.8766784667969,139.5,79.58999633789062,35.599998474121094,36.0,295.0,137.10000610351562,79.93000030517578,36.060001373291016,37.540000915527344,301.27667236328125,138.44000244140625,889242.0,12224200.0,1000.0,117042900.0,1042802.0
81.08000183105469,35.88410949707031,37.58000183105469,300.586669921875,121.76483154296875,81.08000183105469,36.130001068115234,37.58000183105469,300.586669921875,141.52000427246094,81.12999725341797,36.959999084472656,37.58000183105469,307.8333435058594,142.6199951171875,78.93000030517578,36.11000061035156,35.970001220703125,292.6666564941406,137.16000366210938,79.43000030517578,36.31999969482422,37.0,294.0033264160156,137.8000030517578,1238271.0,13124000.0,6700.0,95577600.0,1226804.0
76.56999969482422,37.05607986450195,36.20000076293945,307.39666748046875,124.31163024902344,76.56999969482422,37.310001373291016,36.20000076293945,307.39666748046875,144.47999572753906,79.0,38.189998626708984,37.58000183105469,309.54998779296875,144.47999572753906,75.45999908447266,36.75,36.20000076293945,301.1499938964844,139.72000122070312,78.93000030517578,36.790000915527344,37.0,305.0,140.1199951171875,3479341.0,16047700.0,3200.0,80091000.0,1004948.0
76.2699966430664,35.98342514038086,36.72999954223633,308.6333312988281,123.55448150634766,76.2699966430664,36.22999954223633,36.72999954223633,308.6333312988281,143.60000610351562,78.11000061035156,37.15999984741211,36.72999954223633,313.6066589355469,148.89999389648438,75.95999908447266,36.06999969482422,35.900001525878906,305.0,143.60000610351562,77.33999633789062,37.02000045776367,35.939998626708984,311.0,144.47999572753906,1768831.0,16882100.0,1200.0,72256200.0,1155393.0
76.61000061035156,35.81458282470703,37.13999938964844,288.1700134277344,123.41681671142578,76.61000061035156,36.060001373291016,37.13999938964844,288.1700134277344,143.44000244140625,77.23999786376953,36.279998779296875,37.369998931884766,304.6066589355469,145.5399932861328,75.55999755859375,35.59000015258789,37.13999938964844,285.5433349609375,143.3000030517578,75.83999633789062,35.91999816894531,37.29999923706055,302.6700134277344,143.8000030517578,1460610.0,10878600.0,900.0,113172900.0,628748.0
78.0999984741211,37.30437469482422,36.689998626708984,290.42333984375,125.361328125,78.0999984741211,37.560001373291016,36.689998626708984,290.42333984375,145.6999969482422,78.0999984741211,38.18000030517578,37.130001068115234,305.20001220703125,146.0,76.91000366210938,36.459999084472656,36.25,289.086669921875,143.44000244140625,77.08999633789062,36.619998931884766,36.25,295.0,145.0,969376.0,17398800.0,2200.0,98994000.0,678735.0
77.08999633789062,36.37077331542969,36.709999084472656,283.3333435058594,122.91777801513672,77.08999633789062,36.619998931884766,36.709999084472656,283.3333435058594,142.86000061035156,78.36000061035156,37.349998474121094,36.709999084472656,292.39666748046875,145.83999633789062,76.93000030517578,36.220001220703125,36.25,279.35333251953125,142.67999267578125,78.0,37.27000045776367,36.25,290.2933349609375,145.3000030517578,1044979.0,12752200.0,600.0,86244600.0,614326.0
77.98999786376953,37.69172286987305,36.5,294.3566589355469,125.55062103271484,77.98999786376953,37.95000076293945,36.5,294.3566589355469,145.9199981689453,78.1500015258789,38.47999954223633,36.5,297.510009765625,146.5399932861328,76.6500015258789,37.4900016784668,35.70000076293945,283.3699951171875,140.83999633789062,76.9000015258789,37.689998626708984,35.70000076293945,297.0666809082031,142.0,932542.0,10663300.0,900.0,94918800.0,694655.0
77.70999908447266,38.19824981689453,36.09000015258789,286.6300048828125,126.42823791503906,77.70999908447266,38.459999084472656,36.09000015258789,286.6300048828125,146.94000244140625,78.4000015258789,39.040000915527344,37.08000183105469,298.2366638183594,147.55999755859375,77.0199966430664,38.18000030517578,35.540000915527344,285.8333435058594,145.02000427246094,78.4000015258789,38.689998626708984,35.540000915527344,296.5133361816406,147.13999938964844,824938.0,10221400.0,2600.0,70155000.0,613452.0
78.55000305175781,39.211307525634766,36.4900016784668,300.0299987792969,127.61560821533203,78.55000305175781,39.47999954223633,36.4900016784668,300.0299987792969,148.32000732421875,78.87000274658203,39.5099983215332,36.5,300.1600036621094,148.5399932861328,77.93000030517578,38.47999954223633,36.06999969482422,285.0333251953125,146.67999267578125,78.23999786376953,38.83000183105469,36.45000076293945,289.4166564941406,147.5,908982.0,8905300.0,14100.0,79657200.0,785771.0
78.12000274658203,39.13185501098633,36.5,309.32000732421875,129.0782928466797,78.12000274658203,39.400001525878906,36.5,309.32000732421875,150.02000427246094,78.91999816894531,39.689998626708984,36.79999923706055,313.1333312988281,150.02000427246094,77.36000061035156,38.810001373291016,36.02000045776367,301.2300109863281,147.0800018310547,78.80999755859375,38.880001068115234,36.02000045776367,301.78668212890625,148.60000610351562,648587.0,9626400.0,2000.0,89359200.0,693036.0
79.25,38.72464370727539,35.77000045776367,306.5633239746094,129.57733154296875,79.25,38.9900016784668,35.77000045776367,306.5633239746094,150.60000610351562,79.27999877929688,39.599998474121094,36.75,314.6666564941406,151.5,78.30000305175781,38.720001220703125,35.77000045776367,302.8833312988281,149.24000549316406,78.36000061035156,38.95000076293945,36.099998474121094,311.6666564941406,150.39999389648438,882430.0,13944400.0,2200.0,88136400.0,559821.0
77.29000091552734,38.1386604309082,34.540000915527344,303.9966735839844,126.47986602783203,77.29000091552734,38.400001525878906,34.540000915527344,303.9966735839844,147.0,79.62000274658203,38.689998626708984,35.77000045776367,309.65667724609375,151.4199981689453,77.29000091552734,37.650001525878906,34.470001220703125,300.0333251953125,146.8000030517578,79.4000015258789,38.189998626708984,35.77000045776367,303.39666748046875,150.9199981689453,1123389.0,10656700.0,3700.0,68766000.0,726836.0
77.88999938964844,38.45648193359375,34.52000045776367,302.8699951171875,128.13185119628906,77.88999938964844,38.720001220703125,34.52000045776367,302.8699951171875,148.9199981689453,78.58999633789062,38.900001525878906,34.52000045776367,306.5,149.5,77.54000091552734,38.060001373291016,33.88999938964844,301.85333251953125,146.82000732421875,77.69999694824219,38.33000183105469,34.470001220703125,306.0,147.3000030517578,801264.0,7004100.0,6500.0,47500500.0,464479.0
75.80999755859375,39.429813385009766,33.880001068115234,296.6666564941406,125.41295623779297,75.80999755859375,39.70000076293945,33.880001068115234,296.6666564941406,145.75999450683594,77.52999877929688,40.279998779296875,34.560001373291016,300.3599853515625,148.94000244140625,75.69000244140625,39.09000015258789,33.880001068115234,292.5,145.4600067138672,77.30000305175781,39.2400016784668,34.540000915527344,299.0,147.5399932861328,1726184.0,23306500.0,2100.0,61395300.0,750015.0
73.0199966430664,38.287635803222656,33.7599983215332,289.913330078125,119.94076538085938,73.0199966430664,38.54999923706055,33.7599983215332,289.913330078125,139.39999389648438,75.62999725341797,38.81999969482422,34.7599983215332,292.3999938964844,145.02000427246094,73.0,37.91999816894531,33.61000061035156,286.2966613769531,137.67999267578125,75.37999725341797,38.2400016784668,34.7599983215332,291.913330078125,145.0,1712957.0,20921400.0,5500.0,55843200.0,1190120.0
74.5199966430664,38.297569274902344,33.900001525878906,296.4533386230469,122.17782592773438,74.5199966430664,38.560001373291016,33.900001525878906,296.4533386230469,142.0,74.75,39.40999984741211,34.7599983215332,298.82666015625,142.72000122070312,72.69000244140625,38.41999816894531,33.5,287.92333984375,137.83999633789062,72.81999969482422,38.959999084472656,34.40999984741211,291.4533386230469,138.02000427246094,1383035.0,15394400.0,6500.0,63984900.0,856180.0
74.13999938964844,38.982872009277344,33.599998474121094,297.0966796875,121.64437866210938,74.13999938964844,39.25,33.599998474121094,297.0966796875,141.3800048828125,74.66000366210938,39.72999954223633,34.5,303.64666748046875,142.1199951171875,73.43000030517578,38.31999969482422,33.599998474121094,296.5,139.13999938964844,73.94000244140625,38.61000061035156,34.5,297.5633239746094,141.4199981689453,966562.0,12710300.0,4000.0,57259800.0,594068.0
74.47000122070312,40.1151123046875,36.34000015258789,296.07000732421875,122.0745849609375,74.47000122070312,40.38999938964844,36.34000015258789,296.07000732421875,141.8800048828125,75.12000274658203,40.779998779296875,36.34000015258789,302.9599914550781,144.02000427246094,73.77999877929688,39.34000015258789,34.5,291.6000061035156,140.1999969482422,74.91000366210938,39.36000061035156,34.70000076293945,302.3599853515625,142.8000030517578,734876.0,15211900.0,1100.0,53230000.0,488051.0
73.12000274658203,38.96300506591797,34.099998474121094,288.0899963378906,121.26580047607422,73.12000274658203,39.22999954223633,34.099998474121094,288.0899963378906,140.94000244140625,75.33999633789062,41.09000015258789,35.22999954223633,302.0,148.13999938964844,72.98999786376953,39.220001220703125,34.099998474121094,287.4700012207031,140.33999633789062,74.79000091552734,40.75,35.22999954223633,297.42999267578125,142.67999267578125,1575240.0,16179500.0,1000.0,57163900.0,1325939.0
73.51000213623047,39.24110412597656,35.45000076293945,284.82000732421875,122.69407653808594,73.51000213623047,39.5099983215332,35.45000076293945,284.82000732421875,142.60000610351562,73.76000213623047,39.97999954223633,35.529998779296875,287.739990234375,144.1999969482422,72.05999755859375,38.70000076293945,34.0,280.70001220703125,138.55999755859375,72.62999725341797,38.77000045776367,35.529998779296875,282.8299865722656,139.8000030517578,1128919.0,13408900.0,3000.0,41864700.0,704840.0
73.80999755859375,38.952423095703125,35.59000015258789,277.70001220703125,125.53340911865234,73.80999755859375,39.130001068115234,35.59000015258789,277.70001220703125,145.89999389648438,75.25,39.880001068115234,35.59000015258789,288.4800109863281,148.74000549316406,73.37999725341797,38.58000183105469,33.86000061035156,272.6499938964844,142.94000244140625,73.83000183105469,39.7599983215332,34.5,287.8699951171875,143.3000030517578,1004060.0,15090600.0,3200.0,50541800.0,1055228.0
73.47000122070312,38.03659439086914,34.790000915527344,275.6099853515625,122.29828643798828,73.47000122070312,38.209999084472656,34.790000915527344,275.6099853515625,142.13999938964844,75.08999633789062,39.22999954223633,34.790000915527344,281.25,149.32000732421875,73.27999877929688,38.119998931884766,34.790000915527344,271.80999755859375,142.13999938964844,74.55000305175781,39.20000076293945,34.790000915527344,280.6199951171875,148.63999938964844,1477983.0,15390300.0,200.0,52107300.0,1251472.0
72.80999755859375,38.385005950927734,33.209999084472656,277.1600036621094,120.13005065917969,72.80999755859375,38.560001373291016,33.209999084472656,277.1600036621094,139.6199951171875,73.1500015258789,38.599998474121094,34.36000061035156,277.5799865722656,141.6199951171875,72.08000183105469,37.5099983215332,33.0099983215332,266.1499938964844,137.4600067138672,72.9000015258789,37.810001373291016,34.36000061035156,272.5799865722656,137.47999572753906,1208840.0,11370800.0,2300.0,54287000.0,812479.0
75.11000061035156,38.295413970947266,34.84000015258789,270.2099914550781,128.166259765625,75.11000061035156,38.470001220703125,34.84000015258789,270.2099914550781,148.9600067138672,75.41000366210938,39.529998779296875,35.5,282.3500061035156,148.9600067138672,72.95999908447266,38.33000183105469,33.900001525878906,269.0799865722656,141.3800048828125,73.69999694824219,39.31999969482422,34.54999923706055,281.07000732421875,142.32000732421875,1267300.0,10860500.0,33400.0,50890100.0,1392840.0
72.44000244140625,,,,123.46843719482422,72.44000244140625,,,,143.5,73.12999725341797,,,,146.4199981689453,72.04000091552734,,,,142.47999572753906,72.3499984741211,,,,145.0,1731330.0,,,,1108204.0
72.81999969482422,38.534324645996094,33.5,274.4200134277344,128.04580688476562,72.81999969482422,38.709999084472656,33.5,274.4200134277344,148.82000732421875,73.97000122070312,39.470001220703125,34.84000015258789,275.989990234375,149.60000610351562,72.54000091552734,38.40999984741211,33.5,265.739990234375,144.6199951171875,72.69999694824219,38.810001373291016,33.95000076293945,272.67999267578125,144.94000244140625,1607465.0,19717300.0,1000.0,55860000.0,1148858.0
74.06999969482422,39.927974700927734,34.470001220703125,283.70001220703125,127.95976257324219,74.06999969482422,40.11000061035156,34.470001220703125,283.70001220703125,148.72000122070312,74.37000274658203,40.16999816894531,34.470001220703125,283.8399963378906,150.32000732421875,72.0999984741211,38.400001525878906,34.25,272.2699890136719,146.94000244140625,72.0999984741211,38.52000045776367,34.29999923706055,273.1000061035156,147.0,1083337.0,15832400.0,1200.0,50028900.0,817314.0
72.94999694824219,40.31620407104492,34.470001220703125,289.260009765625,125.72270202636719,72.94999694824219,40.5,34.470001220703125,289.260009765625,146.1199951171875,74.44000244140625,40.66999816894531,34.470001220703125,289.5,150.02000427246094,72.23999786376953,39.349998474121094,34.470001220703125,279.760009765625,143.6999969482422,74.13999938964844,39.45000076293945,34.470001220703125,281.29998779296875,149.5,1076804.0,15754700.0,0.0,53713100.0,1131469.0
73.51000213623047,41.10261917114258,34.650001525878906,299.67999267578125,126.46265411376953,73.51000213623047,41.290000915527344,34.650001525878906,299.67999267578125,146.97999572753906,74.76000213623047,41.540000915527344,34.81999969482422,299.8500061035156,148.5399932861328,73.05999755859375,40.70000076293945,34.56999969482422,291.25,145.86000061035156,73.08999633789062,40.75,34.79999923706055,291.6700134277344,146.5,1288559.0,12912900.0,1100.0,54338100.0,853184.0
75.77999877929688,41.859169006347656,34.45000076293945,304.4200134277344,130.7819061279297,75.77999877929688,42.04999923706055,34.45000076293945,304.4200134277344,152.0,75.98999786376953,42.36000061035156,35.380001068115234,305.489990234375,152.24000549316406,74.20999908447266,41.40999984741211,34.45000076293945,300.3999938964844,149.13999938964844,74.20999908447266,41.65999984741211,34.790000915527344,300.7200012207031,149.27999877929688,1712412.0,16332900.0,1700.0,48674600.0,1153285.0
74.86000061035156,40.346065521240234,33.689998626708984,292.1300048828125,127.95976257324219,74.86000061035156,40.529998779296875,33.689998626708984,292.1300048828125,148.72000122070312,76.72000122070312,41.41999816894531,34.45000076293945,297.3999938964844,153.74000549316406,74.66000366210938,40.349998474121094,33.189998626708984,290.3999938964844,148.72000122070312,75.87999725341797,40.599998474121094,34.45000076293945,292.8999938964844,151.33999633789062,1105326.0,14841600.0,32200.0,68229600.0,1013320.0
74.6500015258789,40.4356575012207,33.59000015258789,302.6099853515625,129.35362243652344,74.6500015258789,40.619998931884766,33.59000015258789,302.6099853515625,150.33999633789062,75.26000213623047,40.849998474121094,33.59000015258789,306.0,151.52000427246094,73.87999725341797,39.7400016784668,33.59000015258789,291.6400146484375,148.66000366210938,74.5999984741211,40.7400016784668,33.59000015258789,292.239990234375,149.0,1236289.0,15239200.0,200.0,72628700.0,1038184.0
74.68000030517578,40.47547912597656,35.0,303.75,128.45880126953125,74.68000030517578,40.65999984741211,35.0,303.75,149.3000030517578,75.5,42.130001068115234,35.0,309.1199951171875,151.5,73.86000061035156,40.540000915527344,34.5,300.7200012207031,147.5800018310547,74.97000122070312,40.56999969482422,34.5,301.8299865722656,150.97999572753906,953732.0,15193900.0,500.0,64795500.0,806818.0
74.38999938964844,39.78860855102539,33.75,303.3500061035156,125.15483856201172,74.38999938964844,39.970001220703125,33.75,303.3500061035156,145.4600067138672,74.51000213623047,40.56999969482422,33.75,303.7099914550781,147.8800048828125,72.75,39.709999084472656,33.5,295.6000061035156,144.6999969482422,73.94000244140625,40.060001373291016,33.5,299.6099853515625,147.5,2297547.0,20899600.0,600.0,87087800.0,3475980.0
75.69999694824219,41.20216369628906,33.75,309.07000732421875,126.47986602783203,75.69999694824219,41.38999938964844,33.75,309.07000732421875,147.0,76.08999633789062,41.439998626708984,33.75,309.8399963378906,148.4199981689453,73.83000183105469,39.43000030517578,33.630001068115234,297.79998779296875,143.6199951171875,74.54000091552734,39.5,33.75,300.0899963378906,147.3800048828125,857539.0,13267700.0,4000.0,60231200.0,1057411.0
75.06999969482422,38.88273620605469,33.0099983215332,308.7300109863281,126.39381408691406,75.06999969482422,39.060001373291016,33.0099983215332,308.7300109863281,146.89999389648438,76.83999633789062,40.599998474121094,33.68000030517578,313.3299865722656,150.66000366210938,74.56999969482422,38.900001525878906,33.0099983215332,305.5799865722656,146.47999572753906,75.83999633789062,40.22999954223633,33.5,306.9100036621094,148.3800048828125,1112949.0,25401500.0,4100.0,61642800.0,1207387.0
75.25,37.50899887084961,32.7599983215332,300.79998779296875,127.28865051269531,75.25,37.68000030517578,32.7599983215332,300.79998779296875,147.94000244140625,75.30999755859375,39.689998626708984,33.25,313.79998779296875,148.25999450683594,73.45999908447266,37.66999816894531,32.75,300.6300048828125,143.55999755859375,74.30000305175781,39.15999984741211,33.029998779296875,308.2900085449219,145.39999389648438,764182.0,20455600.0,2700.0,62555700.0,1217124.0
74.16999816894531,37.210365295410156,32.0,288.5899963378906,126.78961181640625,74.16999816894531,37.380001068115234,32.0,288.5899963378906,147.36000061035156,75.05000305175781,38.040000915527344,34.43000030517578,301.2900085449219,149.72000122070312,73.62999725341797,37.189998626708984,32.0,285.82000732421875,145.16000366210938,73.97000122070312,37.810001373291016,34.43000030517578,299.8599853515625,145.44000244140625,1008044.0,13519700.0,900.0,70545400.0,916806.0
71.37999725341797,35.31898498535156,31.5,275.3299865722656,120.59468078613281,71.37999725341797,35.47999954223633,31.5,275.3299865722656,140.16000366210938,74.25,36.720001220703125,32.5,284.5,147.8000030517578,71.12000274658203,34.84000015258789,31.219999313354492,272.82000732421875,140.10000610351562,74.25,36.470001220703125,32.0,283.0899963378906,147.8000030517578,1859501.0,17888900.0,15300.0,63748400.0,1274006.0
72.16000366210938,34.880985260009766,31.280000686645508,276.010009765625,118.92549133300781,72.16000366210938,35.040000915527344,31.280000686645508,276.010009765625,138.22000122070312,73.25,36.04999923706055,31.280000686645508,284.0899963378906,140.67999267578125,70.58999633789062,34.66999816894531,30.989999771118164,270.30999755859375,137.05999755859375,70.87999725341797,35.099998474121094,31.0,271.8299865722656,139.32000732421875,1293187.0,16777700.0,1000.0,58076900.0,1108307.0
71.76000213623047,34.5524787902832,30.31999969482422,282.94000244140625,117.65209197998047,71.76000213623047,34.709999084472656,30.31999969482422,282.94000244140625,136.74000549316406,73.66000366210938,35.68000030517578,31.200000762939453,288.6700134277344,140.83999633789062,71.54000091552734,34.06999969482422,30.31999969482422,277.510009765625,136.02000427246094,73.16000366210938,35.54999923706055,31.200000762939453,283.8399963378906,139.89999389648438,1268460.0,13541700.0,12200.0,61925200.0,1253447.0
71.58000183105469,35.090030670166016,31.149999618530273,287.80999755859375,118.65015411376953,71.58000183105469,35.25,31.149999618530273,287.80999755859375,137.89999389648438,71.95999908447266,35.5,31.149999618530273,289.0,138.25999450683594,70.25,34.36000061035156,30.979999542236328,277.57000732421875,132.22000122070312,70.8499984741211,34.75,30.979999542236328,283.0799865722656,135.0,1543235.0,12046200.0,900.0,54664800.0,1343591.0
69.12999725341797,33.10905838012695,30.489999771118164,268.2099914550781,110.52791595458984,69.12999725341797,33.2599983215332,30.489999771118164,268.2099914550781,128.4600067138672,71.81999969482422,34.380001068115234,30.489999771118164,283.6499938964844,139.0800018310547,68.44000244140625,32.81999969482422,29.6200008392334,265.7799987792969,126.69999694824219,71.80000305175781,34.0099983215332,30.0,282.760009765625,138.8000030517578,2356566.0,14825100.0,15800.0,77620600.0,3027096.0
69.98999786376953,31.94437026977539,29.600000381469727,265.25,108.75547790527344,69.98999786376953,32.09000015258789,29.600000381469727,265.25,126.4000015258789,70.51000213623047,33.209999084472656,29.690000534057617,275.57000732421875,130.8000030517578,68.77999877929688,32.04999923706055,29.600000381469727,262.4700012207031,125.76000213623047,69.83000183105469,32.93000030517578,29.690000534057617,266.1499938964844,129.6199951171875,1693045.0,16159900.0,7200.0,67726600.0,1495848.0
70.7300033569336,32.720829010009766,29.950000762939453,242.39999389648438,108.7898941040039,70.7300033569336,32.869998931884766,29.950000762939453,242.39999389648438,126.44000244140625,71.13999938964844,33.290000915527344,30.0,255.16000366210938,127.16000366210938,68.61000061035156,31.610000610351562,29.700000762939453,241.00999450683594,122.81999969482422,69.58999633789062,32.459999084472656,30.0,254.5,125.9000015258789,1062248.0,14697300.0,6500.0,98363500.0,1194046.0
72.8499984741211,35.63753128051758,30.809999465942383,249.44000244140625,113.0058822631836,72.8499984741211,35.79999923706055,30.809999465942383,249.44000244140625,131.33999633789062,73.01000213623047,35.79999923706055,31.950000762939453,257.5,132.05999755859375,71.5999984741211,33.91999816894531,30.809999465942383,242.00999450683594,128.10000610351562,72.0,34.20000076293945,31.950000762939453,250.52000427246094,129.1999969482422,1105266.0,19811700.0,8600.0,109578500.0,1515857.0
71.47000122070312,34.681888580322266,30.75,240.80999755859375,111.5259780883789,71.47000122070312,34.84000015258789,30.75,240.80999755859375,129.6199951171875,72.58999633789062,35.02000045776367,31.920000076293945,246.6699981689453,131.33999633789062,70.63999938964844,33.810001373291016,29.5,233.27000427246094,126.55999755859375,72.58999633789062,34.380001068115234,31.0,245.00999450683594,130.6199951171875,1540008.0,18679400.0,3500.0,86982700.0,1401551.0
71.97000122070312,34.472843170166016,29.950000762939453,238.1300048828125,113.90071105957031,71.97000122070312,34.630001068115234,29.950000762939453,238.1300048828125,132.3800048828125,72.94999694824219,35.16999816894531,30.950000762939453,244.5800018310547,133.17999267578125,71.61000061035156,34.380001068115234,29.950000762939453,235.35000610351562,130.05999755859375,72.12000274658203,34.58000183105469,30.950000762939453,239.44000244140625,130.47999572753906,913379.0,11435800.0,1400.0,69298400.0,1149929.0
71.69999694824219,33.46742630004883,30.100000381469727,223.07000732421875,112.09385681152344,71.69999694824219,33.619998931884766,30.100000381469727,223.07000732421875,130.27999877929688,72.66999816894531,34.2599983215332,30.100000381469727,234.57000732421875,133.4600067138672,71.47000122070312,33.400001525878906,28.950000762939453,222.02000427246094,130.1199951171875,71.77999877929688,34.060001373291016,28.950000762939453,233.94000244140625,131.82000732421875,745376.0,11193900.0,8900.0,83916800.0,766278.0
72.02999877929688,32.14345932006836,29.0,222.9600067138672,107.0862808227539,72.02999877929688,32.290000915527344,29.0,222.9600067138672,124.45999908447266,72.9800033569336,32.619998931884766,29.0,226.99000549316406,130.75999450683594,70.55000305175781,31.110000610351562,29.0,218.36000061035156,123.86000061035156,70.5999984741211,32.380001068115234,29.0,223.92999267578125,127.83999633789062,1402943.0,22996100.0,400.0,67925000.0,1376765.0
72.37999725341797,31.94437026977539,27.09000015258789,216.5,106.08821105957031,72.37999725341797,32.09000015258789,27.09000015258789,216.5,123.30000305175781,72.37999725341797,32.869998931884766,29.450000762939453,225.75,124.08000183105469,70.30000305175781,31.280000686645508,27.079999923706055,215.0,121.33999633789062,71.61000061035156,32.0099983215332,28.639999389648438,220.9499969482422,123.44000244140625,1175295.0,16763800.0,171700.0,77013200.0,1048051.0
73.16999816894531,32.053871154785156,27.920000076293945,217.24000549316406,105.89892578125,73.16999816894531,32.20000076293945,27.920000076293945,217.24000549316406,123.08000183105469,73.33999633789062,32.529998779296875,27.920000076293945,219.3000030517578,124.72000122070312,71.43000030517578,31.600000381469727,27.760000228881836,211.50999450683594,120.63999938964844,72.33999633789062,32.119998931884766,27.760000228881836,215.3300018310547,123.62000274658203,1188223.0,10810300.0,1200.0,66860700.0,1010085.0
74.23999786376953,32.611328125,27.5,221.72000122070312,106.82816314697266,74.23999786376953,32.7599983215332,27.5,221.72000122070312,124.16000366210938,74.51000213623047,32.970001220703125,28.229999542236328,222.99000549316406,126.31999969482422,72.19000244140625,31.270000457763672,27.0,206.22000122070312,121.0199966430664,72.87999725341797,31.290000915527344,27.1200008392334,208.3000030517578,122.5999984741211,1410582.0,17199800.0,1900.0,91483000.0,1377090.0
75.0199966430664,32.74073791503906,27.5,204.99000549316406,106.93141174316406,75.0199966430664,32.88999938964844,27.5,204.99000549316406,124.27999877929688,76.05000305175781,33.220001220703125,28.149999618530273,226.25999450683594,126.9000015258789,74.41999816894531,32.45000076293945,27.25,204.16000366210938,123.62000274658203,75.55999755859375,33.06999969482422,28.149999618530273,224.00999450683594,126.9000015258789,1123755.0,11994100.0,2400.0,94124500.0,915770.0
76.52999877929688,33.41765213012695,27.5,219.35000610351562,109.94283294677734,76.52999877929688,33.56999969482422,27.5,219.35000610351562,127.77999877929688,76.98999786376953,33.95000076293945,27.5,221.86000061035156,129.67999267578125,74.80000305175781,33.060001373291016,27.5,209.4499969482422,125.63999938964844,75.11000061035156,33.70000076293945,27.5,210.0399932861328,126.5,957252.0,10960500.0,0.0,79428800.0,1477944.0
77.62000274658203,34.094566345214844,27.889999389648438,220.19000244140625,112.19709777832031,77.62000274658203,34.25,27.889999389648438,220.19000244140625,130.39999389648438,78.86000061035156,34.900001525878906,28.149999618530273,229.82000732421875,133.10000610351562,76.5,33.97999954223633,27.889999389648438,217.25,129.66000366210938,77.0,34.779998779296875,28.149999618530273,229.5,130.47999572753906,1347975.0,11144700.0,1600.0,75891900.0,1047470.0
77.66000366210938,33.47738265991211,28.0,222.0399932861328,111.73248291015625,77.66000366210938,33.630001068115234,28.0,222.0399932861328,129.86000061035156,78.63999938964844,34.189998626708984,28.0,222.92999267578125,131.9199981689453,77.1500015258789,33.29999923706055,27.5,217.77999877929688,129.52000427246094,78.26000213623047,33.790000915527344,27.719999313354492,219.8000030517578,131.5,924802.0,10311300.0,3700.0,66571500.0,765707.0
77.52999877929688,33.288238525390625,28.0,207.27999877929688,111.74969482421875,77.52999877929688,33.439998626708984,28.0,207.27999877929688,129.8800048828125,78.4000015258789,34.150001525878906,28.0,215.5500030517578,131.82000732421875,76.83000183105469,33.13999938964844,27.75,202.0,128.25999450683594,77.5,33.7400016784668,27.770000457763672,208.27999877929688,129.22000122070312,1016645.0,13579800.0,900.0,117798100.0,830148.0
77.43000030517578,34.841163635253906,27.260000228881836,214.44000244140625,111.5431900024414,77.43000030517578,35.0,27.260000228881836,214.44000244140625,129.63999938964844,77.5999984741211,35.0099983215332,28.0,214.66000366210938,129.67999267578125,76.33000183105469,33.31999969482422,27.25,203.8000030517578,127.23999786376953,77.0,33.5,27.829999923706055,206.4199981689453,129.33999633789062,1618320.0,14094700.0,11700.0,75713800.0,1258099.0
77.91000366210938,35.55789566040039,27.059999465942383,211.25,112.04222869873047,77.91000366210938,35.720001220703125,27.059999465942383,211.25,130.22000122070312,78.66000366210938,35.880001068115234,27.100000381469727,213.5,132.0,75.73999786376953,34.459999084472656,25.559999465942383,198.58999633789062,129.33999633789062,77.98999786376953,34.90999984741211,27.100000381469727,205.82000732421875,131.0,1458093.0,18575100.0,2300.0,100446800.0,982257.0
78.22000122070312,36.842041015625,27.100000381469727,222.4199981689453,112.86821746826172,78.22000122070312,37.0099983215332,27.100000381469727,222.4199981689453,131.17999267578125,78.83999633789062,37.47999954223633,27.450000762939453,224.35000610351562,131.97999572753906,77.2699966430664,35.83000183105469,26.700000762939453,210.0,127.73999786376953,78.4000015258789,36.45000076293945,26.700000762939453,210.10000610351562,131.44000244140625,1075479.0,25537500.0,2200.0,96507900.0,853827.0
79.06999969482422,37.68818283081055,27.149999618530273,224.63999938964844,112.74775695800781,79.06999969482422,37.86000061035156,27.149999618530273,224.63999938964844,131.0399932861328,79.13999938964844,38.27000045776367,27.200000762939453,230.60000610351562,131.36000061035156,77.52999877929688,37.18000030517578,27.1200008392334,218.1999969482422,129.55999755859375,78.22000122070312,37.36000061035156,27.200000762939453,219.39999389648438,131.0,995479.0,19638600.0,2100.0,85012500.0,844878.0
79.56999969482422,37.98682403564453,27.100000381469727,225.08999633789062,112.4552230834961,79.56999969482422,38.15999984741211,27.100000381469727,225.08999633789062,130.6999969482422,79.87999725341797,38.63999938964844,27.299999237060547,233.80999755859375,132.1999969482422,78.70999908447266,37.40999984741211,27.0,222.85000610351562,129.36000061035156,79.11000061035156,38.040000915527344,27.299999237060547,229.77000427246094,130.55999755859375,899804.0,13842600.0,4900.0,61638800.0,870180.0
79.55999755859375,38.67368698120117,27.31999969482422,228.52000427246094,110.33863067626953,79.55999755859375,38.849998474121094,27.31999969482422,228.52000427246094,128.24000549316406,79.7300033569336,38.880001068115234,27.719999313354492,228.86000061035156,129.22000122070312,78.12000274658203,38.09000015258789,27.270000457763672,216.35000610351562,125.4000015258789,78.54000091552734,38.20000076293945,27.719999313354492,225.39999389648438,127.5,922600.0,10459800.0,700.0,69152400.0,1595024.0
